hour	cf
1	0.399
2	0.368
3	0.327
4	0.271
5	0.228
6	0.177
7	0.136
8	0.114
9	0.099
10	0.08
11	0.061
12	0.053
13	0.053
14	0.055
15	0.06
16	0.079
17	0.106
18	0.122
19	0.128
20	0.13
21	0.129
22	0.125
23	0.113
24	0.099
25	0.088
26	0.082
27	0.086
28	0.103
29	0.129
30	0.151
31	0.162
32	0.156
33	0.15
34	0.143
35	0.132
36	0.119
37	0.106
38	0.099
39	0.103
40	0.124
41	0.15
42	0.166
43	0.176
44	0.186
45	0.192
46	0.193
47	0.185
48	0.175
49	0.152
50	0.148
51	0.137
52	0.148
53	0.164
54	0.184
55	0.189
56	0.189
57	0.196
58	0.184
59	0.178
60	0.193
61	0.191
62	0.188
63	0.193
64	0.216
65	0.223
66	0.237
67	0.232
68	0.227
69	0.217
70	0.203
71	0.198
72	0.217
73	0.204
74	0.195
75	0.203
76	0.205
77	0.207
78	0.209
79	0.223
80	0.247
81	0.268
82	0.27
83	0.23
84	0.203
85	0.192
86	0.179
87	0.169
88	0.179
89	0.201
90	0.221
91	0.243
92	0.251
93	0.238
94	0.237
95	0.252
96	0.269
97	0.291
98	0.335
99	0.354
100	0.314
101	0.268
102	0.259
103	0.238
104	0.252
105	0.255
106	0.244
107	0.229
108	0.223
109	0.235
110	0.25
111	0.291
112	0.297
113	0.301
114	0.302
115	0.325
116	0.325
117	0.319
118	0.299
119	0.325
120	0.321
121	0.305
122	0.282
123	0.26
124	0.23
125	0.198
126	0.158
127	0.115
128	0.091
129	0.098
130	0.127
131	0.149
132	0.162
133	0.178
134	0.204
135	0.262
136	0.343
137	0.395
138	0.412
139	0.428
140	0.424
141	0.435
142	0.456
143	0.494
144	0.565
145	0.619
146	0.588
147	0.616
148	0.663
149	0.826
150	0.867
151	0.886
152	0.881
153	0.864
154	0.826
155	0.769
156	0.692
157	0.71
158	0.701
159	0.689
160	0.652
161	0.61
162	0.548
163	0.493
164	0.465
165	0.452
166	0.464
167	0.483
168	0.506
169	0.52
170	0.515
171	0.499
172	0.462
173	0.416
174	0.353
175	0.298
176	0.276
177	0.272
178	0.285
179	0.25
180	0.207
181	0.22
182	0.227
183	0.227
184	0.221
185	0.232
186	0.221
187	0.191
188	0.174
189	0.155
190	0.138
191	0.108
192	0.078
193	0.053
194	0.039
195	0.028
196	0.013
197	0.011
198	0.014
199	0.013
200	0.011
201	0.007
202	0.008
203	0.007
204	0.003
205	0.005
206	0.009
207	0.022
208	0.045
209	0.066
210	0.081
211	0.112
212	0.144
213	0.203
214	0.254
215	0.283
216	0.281
217	0.256
218	0.222
219	0.192
220	0.197
221	0.187
222	0.185
223	0.191
224	0.189
225	0.194
226	0.194
227	0.192
228	0.174
229	0.14
230	0.138
231	0.146
232	0.171
233	0.195
234	0.198
235	0.193
236	0.189
237	0.184
238	0.184
239	0.175
240	0.163
241	0.159
242	0.164
243	0.17
244	0.162
245	0.151
246	0.151
247	0.162
248	0.179
249	0.198
250	0.215
251	0.198
252	0.164
253	0.193
254	0.189
255	0.184
256	0.223
257	0.291
258	0.331
259	0.415
260	0.437
261	0.487
262	0.592
263	0.659
264	0.659
265	0.71
266	0.701
267	0.709
268	0.709
269	0.692
270	0.674
271	0.642
272	0.6
273	0.618
274	0.663
275	0.686
276	0.752
277	0.773
278	0.788
279	0.778
280	0.76
281	0.767
282	0.797
283	0.81
284	0.797
285	0.728
286	0.74
287	0.797
288	0.855
289	0.868
290	0.868
291	0.862
292	0.867
293	0.84
294	0.829
295	0.831
296	0.841
297	0.854
298	0.853
299	0.855
300	0.86
301	0.875
302	0.881
303	0.875
304	0.857
305	0.842
306	0.828
307	0.819
308	0.824
309	0.802
310	0.785
311	0.726
312	0.692
313	0.687
314	0.663
315	0.606
316	0.524
317	0.452
318	0.386
319	0.352
320	0.33
321	0.301
322	0.263
323	0.221
324	0.213
325	0.27
326	0.336
327	0.373
328	0.408
329	0.437
330	0.47
331	0.461
332	0.452
333	0.453
334	0.524
335	0.507
336	0.489
337	0.502
338	0.458
339	0.58
340	0.563
341	0.526
342	0.545
343	0.49
344	0.555
345	0.588
346	0.551
347	0.52
348	0.524
349	0.515
350	0.498
351	0.537
352	0.584
353	0.607
354	0.66
355	0.677
356	0.688
357	0.702
358	0.742
359	0.715
360	0.643
361	0.565
362	0.493
363	0.505
364	0.484
365	0.502
366	0.569
367	0.581
368	0.536
369	0.496
370	0.428
371	0.349
372	0.262
373	0.225
374	0.205
375	0.214
376	0.291
377	0.353
378	0.425
379	0.496
380	0.524
381	0.572
382	0.683
383	0.757
384	0.704
385	0.616
386	0.546
387	0.502
388	0.449
389	0.413
390	0.4
391	0.389
392	0.359
393	0.277
394	0.186
395	0.108
396	0.046
397	0.021
398	0.017
399	0.01
400	0.035
401	0.087
402	0.135
403	0.191
404	0.262
405	0.325
406	0.367
407	0.407
408	0.441
409	0.49
410	0.548
411	0.619
412	0.694
413	0.718
414	0.742
415	0.722
416	0.704
417	0.532
418	0.385
419	0.283
420	0.234
421	0.203
422	0.2
423	0.196
424	0.237
425	0.289
426	0.311
427	0.286
428	0.268
429	0.262
430	0.252
431	0.218
432	0.181
433	0.163
434	0.149
435	0.128
436	0.109
437	0.092
438	0.081
439	0.073
440	0.066
441	0.062
442	0.059
443	0.056
444	0.052
445	0.048
446	0.044
447	0.041
448	0.041
449	0.048
450	0.055
451	0.06
452	0.058
453	0.05
454	0.038
455	0.025
456	0.017
457	0.022
458	0.054
459	0.138
460	0.296
461	0.472
462	0.581
463	0.604
464	0.553
465	0.468
466	0.44
467	0.437
468	0.433
469	0.413
470	0.365
471	0.319
472	0.297
473	0.253
474	0.21
475	0.174
476	0.148
477	0.125
478	0.104
479	0.091
480	0.094
481	0.119
482	0.169
483	0.235
484	0.316
485	0.366
486	0.376
487	0.395
488	0.441
489	0.505
490	0.563
491	0.655
492	0.745
493	0.791
494	0.859
495	0.845
496	0.71
497	0.663
498	0.59
499	0.535
500	0.501
501	0.593
502	0.616
503	0.578
504	0.536
505	0.52
506	0.425
507	0.365
508	0.327
509	0.325
510	0.381
511	0.517
512	0.578
513	0.543
514	0.512
515	0.474
516	0.447
517	0.435
518	0.396
519	0.345
520	0.389
521	0.398
522	0.424
523	0.422
524	0.416
525	0.44
526	0.464
527	0.48
528	0.471
529	0.462
530	0.435
531	0.387
532	0.374
533	0.341
534	0.308
535	0.272
536	0.244
537	0.24
538	0.245
539	0.202
540	0.153
541	0.148
542	0.145
543	0.139
544	0.122
545	0.101
546	0.101
547	0.103
548	0.122
549	0.135
550	0.145
551	0.154
552	0.17
553	0.205
554	0.245
555	0.244
556	0.227
557	0.225
558	0.192
559	0.169
560	0.124
561	0.095
562	0.105
563	0.146
564	0.247
565	0.374
566	0.529
567	0.68
568	0.732
569	0.692
570	0.642
571	0.593
572	0.545
573	0.555
574	0.577
575	0.594
576	0.61
577	0.624
578	0.633
579	0.652
580	0.654
581	0.647
582	0.668
583	0.622
584	0.687
585	0.696
586	0.689
587	0.643
588	0.608
589	0.584
590	0.629
591	0.644
592	0.597
593	0.614
594	0.633
595	0.674
596	0.653
597	0.6
598	0.622
599	0.624
600	0.598
601	0.558
602	0.624
603	0.657
604	0.692
605	0.73
606	0.731
607	0.729
608	0.749
609	0.787
610	0.797
611	0.751
612	0.68
613	0.671
614	0.616
615	0.471
616	0.319
617	0.307
618	0.466
619	0.743
620	0.964
621	0.99
622	0.989
623	0.983
624	0.975
625	0.968
626	0.969
627	0.966
628	0.963
629	0.947
630	0.928
631	0.902
632	0.887
633	0.853
634	0.721
635	0.627
636	0.575
637	0.538
638	0.498
639	0.44
640	0.365
641	0.305
642	0.242
643	0.205
644	0.181
645	0.159
646	0.15
647	0.142
648	0.123
649	0.103
650	0.099
651	0.102
652	0.095
653	0.085
654	0.087
655	0.09
656	0.098
657	0.11
658	0.124
659	0.112
660	0.146
661	0.268
662	0.362
663	0.407
664	0.398
665	0.437
666	0.465
667	0.487
668	0.475
669	0.432
670	0.371
671	0.319
672	0.291
673	0.268
674	0.283
675	0.242
676	0.228
677	0.235
678	0.28
679	0.348
680	0.435
681	0.495
682	0.463
683	0.418
684	0.448
685	0.486
686	0.481
687	0.462
688	0.448
689	0.441
690	0.444
691	0.415
692	0.416
693	0.382
694	0.362
695	0.366
696	0.35
697	0.319
698	0.287
699	0.255
700	0.215
701	0.17
702	0.177
703	0.271
704	0.305
705	0.294
706	0.258
707	0.186
708	0.136
709	0.155
710	0.151
711	0.117
712	0.079
713	0.064
714	0.054
715	0.043
716	0.043
717	0.072
718	0.123
719	0.153
720	0.15
721	0.178
722	0.212
723	0.231
724	0.269
725	0.319
726	0.38
727	0.445
728	0.498
729	0.56
730	0.588
731	0.606
732	0.675
733	0.715
734	0.756
735	0.779
736	0.772
737	0.748
738	0.7
739	0.641
740	0.595
741	0.542
742	0.527
743	0.504
744	0.453
745	0.44
746	0.435
747	0.432
748	0.417
749	0.4
750	0.373
751	0.344
752	0.316
753	0.298
754	0.241
755	0.177
756	0.181
757	0.242
758	0.25
759	0.272
760	0.332
761	0.4
762	0.462
763	0.478
764	0.476
765	0.471
766	0.469
767	0.462
768	0.447
769	0.411
770	0.406
771	0.397
772	0.377
773	0.35
774	0.314
775	0.289
776	0.253
777	0.223
778	0.182
779	0.12
780	0.089
781	0.096
782	0.094
783	0.081
784	0.084
785	0.09
786	0.092
787	0.113
788	0.137
789	0.139
790	0.154
791	0.198
792	0.25
793	0.294
794	0.316
795	0.319
796	0.336
797	0.381
798	0.425
799	0.572
800	0.584
801	0.423
802	0.362
803	0.269
804	0.172
805	0.089
806	0.042
807	0.052
808	0.145
809	0.297
810	0.433
811	0.502
812	0.539
813	0.649
814	0.717
815	0.824
816	0.779
817	0.721
818	0.684
819	0.862
820	0.886
821	0.838
822	0.756
823	0.674
824	0.571
825	0.421
826	0.316
827	0.229
828	0.19
829	0.214
830	0.197
831	0.151
832	0.122
833	0.107
834	0.076
835	0.049
836	0.032
837	0.035
838	0.074
839	0.167
840	0.286
841	0.404
842	0.468
843	0.484
844	0.483
845	0.537
846	0.593
847	0.646
848	0.699
849	0.771
850	0.814
851	0.909
852	0.941
853	0.933
854	0.869
855	0.84
856	0.854
857	0.808
858	0.682
859	0.664
860	0.663
861	0.62
862	0.583
863	0.554
864	0.52
865	0.517
866	0.52
867	0.515
868	0.524
869	0.476
870	0.419
871	0.49
872	0.462
873	0.423
874	0.441
875	0.52
876	0.594
877	0.585
878	0.586
879	0.56
880	0.466
881	0.297
882	0.223
883	0.235
884	0.278
885	0.291
886	0.255
887	0.173
888	0.042
889	0.198
890	0.428
891	0.56
892	0.575
893	0.527
894	0.525
895	0.557
896	0.553
897	0.508
898	0.421
899	0.404
900	0.456
901	0.525
902	0.536
903	0.475
904	0.428
905	0.431
906	0.395
907	0.371
908	0.404
909	0.471
910	0.554
911	0.649
912	0.749
913	0.797
914	0.829
915	0.847
916	0.876
917	0.905
918	0.936
919	0.956
920	0.972
921	0.985
922	0.989
923	0.986
924	0.986
925	0.989
926	0.989
927	0.987
928	0.98
929	0.973
930	0.972
931	0.971
932	0.977
933	0.985
934	0.99
935	0.989
936	0.988
937	0.989
938	0.99
939	0.988
940	0.981
941	0.96
942	0.92
943	0.853
944	0.752
945	0.653
946	0.533
947	0.468
948	0.474
949	0.467
950	0.444
951	0.365
952	0.31
953	0.275
954	0.252
955	0.228
956	0.212
957	0.189
958	0.158
959	0.136
960	0.126
961	0.134
962	0.165
963	0.227
964	0.325
965	0.414
966	0.459
967	0.469
968	0.504
969	0.557
970	0.548
971	0.583
972	0.673
973	0.827
974	0.881
975	0.895
976	0.894
977	0.877
978	0.788
979	0.696
980	0.655
981	0.619
982	0.585
983	0.53
984	0.47
985	0.428
986	0.364
987	0.313
988	0.239
989	0.153
990	0.087
991	0.034
992	0.017
993	0.034
994	0.086
995	0.114
996	0.14
997	0.171
998	0.199
999	0.24
1000	0.265
1001	0.319
1002	0.401
1003	0.456
1004	0.503
1005	0.551
1006	0.551
1007	0.578
1008	0.584
1009	0.6
1010	0.649
1011	0.721
1012	0.733
1013	0.756
1014	0.775
1015	0.762
1016	0.771
1017	0.784
1018	0.797
1019	0.704
1020	0.605
1021	0.571
1022	0.559
1023	0.517
1024	0.411
1025	0.292
1026	0.252
1027	0.31
1028	0.368
1029	0.431
1030	0.557
1031	0.695
1032	0.712
1033	0.745
1034	0.793
1035	0.81
1036	0.806
1037	0.792
1038	0.778
1039	0.775
1040	0.776
1041	0.779
1042	0.769
1043	0.768
1044	0.793
1045	0.817
1046	0.817
1047	0.813
1048	0.806
1049	0.797
1050	0.786
1051	0.778
1052	0.775
1053	0.762
1054	0.752
1055	0.714
1056	0.712
1057	0.663
1058	0.614
1059	0.598
1060	0.616
1061	0.616
1062	0.605
1063	0.595
1064	0.589
1065	0.56
1066	0.551
1067	0.564
1068	0.6
1069	0.615
1070	0.616
1071	0.625
1072	0.641
1073	0.655
1074	0.634
1075	0.624
1076	0.619
1077	0.586
1078	0.563
1079	0.58
1080	0.593
1081	0.6
1082	0.633
1083	0.65
1084	0.659
1085	0.638
1086	0.654
1087	0.665
1088	0.671
1089	0.676
1090	0.674
1091	0.667
1092	0.694
1093	0.735
1094	0.755
1095	0.77
1096	0.74
1097	0.733
1098	0.735
1099	0.768
1100	0.798
1101	0.772
1102	0.785
1103	0.809
1104	0.793
1105	0.764
1106	0.732
1107	0.686
1108	0.627
1109	0.56
1110	0.52
1111	0.481
1112	0.464
1113	0.485
1114	0.52
1115	0.64
1116	0.691
1117	0.762
1118	0.818
1119	0.804
1120	0.772
1121	0.764
1122	0.772
1123	0.763
1124	0.733
1125	0.779
1126	0.814
1127	0.84
1128	0.882
1129	0.895
1130	0.888
1131	0.881
1132	0.847
1133	0.807
1134	0.775
1135	0.77
1136	0.762
1137	0.731
1138	0.726
1139	0.775
1140	0.836
1141	0.883
1142	0.899
1143	0.897
1144	0.889
1145	0.867
1146	0.84
1147	0.824
1148	0.817
1149	0.806
1150	0.798
1151	0.791
1152	0.754
1153	0.705
1154	0.674
1155	0.682
1156	0.714
1157	0.7
1158	0.72
1159	0.731
1160	0.694
1161	0.704
1162	0.65
1163	0.601
1164	0.569
1165	0.616
1166	0.652
1167	0.65
1168	0.641
1169	0.604
1170	0.545
1171	0.45
1172	0.433
1173	0.469
1174	0.472
1175	0.421
1176	0.374
1177	0.377
1178	0.383
1179	0.358
1180	0.325
1181	0.301
1182	0.286
1183	0.283
1184	0.308
1185	0.364
1186	0.432
1187	0.483
1188	0.613
1189	0.765
1190	0.837
1191	0.869
1192	0.881
1193	0.87
1194	0.855
1195	0.85
1196	0.827
1197	0.791
1198	0.782
1199	0.746
1200	0.752
1201	0.747
1202	0.75
1203	0.755
1204	0.754
1205	0.763
1206	0.774
1207	0.781
1208	0.776
1209	0.783
1210	0.758
1211	0.719
1212	0.65
1213	0.55
1214	0.563
1215	0.47
1216	0.395
1217	0.41
1218	0.456
1219	0.547
1220	0.596
1221	0.661
1222	0.698
1223	0.723
1224	0.713
1225	0.712
1226	0.678
1227	0.56
1228	0.536
1229	0.548
1230	0.548
1231	0.546
1232	0.548
1233	0.542
1234	0.547
1235	0.668
1236	0.749
1237	0.776
1238	0.781
1239	0.765
1240	0.753
1241	0.747
1242	0.77
1243	0.788
1244	0.786
1245	0.794
1246	0.818
1247	0.856
1248	0.897
1249	0.921
1250	0.934
1251	0.94
1252	0.943
1253	0.93
1254	0.902
1255	0.817
1256	0.746
1257	0.653
1258	0.618
1259	0.671
1260	0.74
1261	0.791
1262	0.804
1263	0.857
1264	0.89
1265	0.902
1266	0.892
1267	0.882
1268	0.889
1269	0.89
1270	0.898
1271	0.912
1272	0.919
1273	0.924
1274	0.932
1275	0.938
1276	0.935
1277	0.919
1278	0.889
1279	0.838
1280	0.774
1281	0.696
1282	0.692
1283	0.616
1284	0.598
1285	0.636
1286	0.663
1287	0.656
1288	0.575
1289	0.453
1290	0.38
1291	0.284
1292	0.241
1293	0.225
1294	0.209
1295	0.217
1296	0.262
1297	0.308
1298	0.342
1299	0.373
1300	0.387
1301	0.394
1302	0.374
1303	0.423
1304	0.465
1305	0.549
1306	0.599
1307	0.652
1308	0.63
1309	0.696
1310	0.683
1311	0.633
1312	0.601
1313	0.629
1314	0.658
1315	0.629
1316	0.565
1317	0.557
1318	0.538
1319	0.501
1320	0.455
1321	0.415
1322	0.395
1323	0.402
1324	0.407
1325	0.407
1326	0.426
1327	0.451
1328	0.451
1329	0.462
1330	0.399
1331	0.37
1332	0.411
1333	0.518
1334	0.557
1335	0.552
1336	0.581
1337	0.612
1338	0.636
1339	0.622
1340	0.613
1341	0.56
1342	0.507
1343	0.44
1344	0.395
1345	0.322
1346	0.242
1347	0.17
1348	0.138
1349	0.119
1350	0.1
1351	0.094
1352	0.096
1353	0.084
1354	0.064
1355	0.051
1356	0.062
1357	0.083
1358	0.103
1359	0.134
1360	0.154
1361	0.202
1362	0.3
1363	0.376
1364	0.413
1365	0.411
1366	0.39
1367	0.362
1368	0.333
1369	0.305
1370	0.263
1371	0.228
1372	0.212
1373	0.198
1374	0.168
1375	0.131
1376	0.099
1377	0.078
1378	0.07
1379	0.072
1380	0.061
1381	0.049
1382	0.042
1383	0.04
1384	0.041
1385	0.051
1386	0.082
1387	0.126
1388	0.176
1389	0.229
1390	0.266
1391	0.268
1392	0.215
1393	0.155
1394	0.118
1395	0.097
1396	0.092
1397	0.087
1398	0.075
1399	0.068
1400	0.066
1401	0.056
1402	0.045
1403	0.041
1404	0.043
1405	0.054
1406	0.084
1407	0.112
1408	0.128
1409	0.154
1410	0.166
1411	0.167
1412	0.146
1413	0.114
1414	0.131
1415	0.189
1416	0.232
1417	0.237
1418	0.223
1419	0.18
1420	0.15
1421	0.148
1422	0.129
1423	0.138
1424	0.171
1425	0.214
1426	0.272
1427	0.345
1428	0.385
1429	0.377
1430	0.404
1431	0.462
1432	0.462
1433	0.366
1434	0.283
1435	0.258
1436	0.196
1437	0.128
1438	0.133
1439	0.206
1440	0.204
1441	0.112
1442	0.068
1443	0.057
1444	0.12
1445	0.28
1446	0.352
1447	0.429
1448	0.598
1449	0.783
1450	0.903
1451	0.959
1452	0.962
1453	0.938
1454	0.952
1455	0.951
1456	0.954
1457	0.967
1458	0.972
1459	0.975
1460	0.981
1461	0.983
1462	0.98
1463	0.977
1464	0.971
1465	0.96
1466	0.942
1467	0.919
1468	0.897
1469	0.852
1470	0.779
1471	0.69
1472	0.571
1473	0.373
1474	0.241
1475	0.163
1476	0.1
1477	0.046
1478	0.02
1479	0.031
1480	0.072
1481	0.113
1482	0.181
1483	0.312
1484	0.456
1485	0.57
1486	0.593
1487	0.557
1488	0.523
1489	0.469
1490	0.398
1491	0.333
1492	0.276
1493	0.218
1494	0.193
1495	0.194
1496	0.176
1497	0.157
1498	0.169
1499	0.241
1500	0.332
1501	0.363
1502	0.345
1503	0.314
1504	0.336
1505	0.418
1506	0.471
1507	0.51
1508	0.516
1509	0.56
1510	0.57
1511	0.523
1512	0.481
1513	0.457
1514	0.422
1515	0.462
1516	0.491
1517	0.599
1518	0.703
1519	0.757
1520	0.791
1521	0.768
1522	0.713
1523	0.594
1524	0.562
1525	0.462
1526	0.314
1527	0.223
1528	0.181
1529	0.136
1530	0.123
1531	0.13
1532	0.165
1533	0.214
1534	0.268
1535	0.345
1536	0.458
1537	0.587
1538	0.709
1539	0.837
1540	0.819
1541	0.693
1542	0.447
1543	0.246
1544	0.15
1545	0.094
1546	0.054
1547	0.052
1548	0.095
1549	0.203
1550	0.408
1551	0.644
1552	0.746
1553	0.806
1554	0.842
1555	0.859
1556	0.86
1557	0.854
1558	0.842
1559	0.839
1560	0.844
1561	0.853
1562	0.864
1563	0.878
1564	0.886
1565	0.882
1566	0.869
1567	0.861
1568	0.854
1569	0.84
1570	0.842
1571	0.841
1572	0.829
1573	0.839
1574	0.835
1575	0.787
1576	0.695
1577	0.616
1578	0.561
1579	0.477
1580	0.423
1581	0.371
1582	0.283
1583	0.202
1584	0.126
1585	0.112
1586	0.143
1587	0.239
1588	0.36
1589	0.404
1590	0.341
1591	0.305
1592	0.311
1593	0.336
1594	0.397
1595	0.502
1596	0.498
1597	0.52
1598	0.517
1599	0.535
1600	0.851
1601	0.948
1602	0.906
1603	0.88
1604	0.866
1605	0.828
1606	0.804
1607	0.789
1608	0.783
1609	0.751
1610	0.657
1611	0.459
1612	0.415
1613	0.465
1614	0.439
1615	0.537
1616	0.628
1617	0.716
1618	0.776
1619	0.845
1620	0.879
1621	0.863
1622	0.817
1623	0.735
1624	0.618
1625	0.491
1626	0.297
1627	0.162
1628	0.128
1629	0.158
1630	0.2
1631	0.199
1632	0.175
1633	0.156
1634	0.168
1635	0.235
1636	0.339
1637	0.387
1638	0.709
1639	0.943
1640	0.961
1641	0.965
1642	0.959
1643	0.966
1644	0.968
1645	0.951
1646	0.919
1647	0.903
1648	0.889
1649	0.877
1650	0.864
1651	0.851
1652	0.837
1653	0.837
1654	0.835
1655	0.834
1656	0.817
1657	0.806
1658	0.808
1659	0.774
1660	0.731
1661	0.624
1662	0.524
1663	0.413
1664	0.337
1665	0.238
1666	0.176
1667	0.27
1668	0.407
1669	0.567
1670	0.704
1671	0.793
1672	0.868
1673	0.929
1674	0.965
1675	0.983
1676	0.985
1677	0.981
1678	0.956
1679	0.89
1680	0.841
1681	0.705
1682	0.762
1683	0.797
1684	0.805
1685	0.797
1686	0.769
1687	0.765
1688	0.781
1689	0.777
1690	0.785
1691	0.861
1692	0.932
1693	0.969
1694	0.982
1695	0.988
1696	0.989
1697	0.984
1698	0.975
1699	0.973
1700	0.976
1701	0.98
1702	0.984
1703	0.988
1704	0.99
1705	0.989
1706	0.988
1707	0.986
1708	0.984
1709	0.978
1710	0.966
1711	0.955
1712	0.943
1713	0.926
1714	0.902
1715	0.917
1716	0.917
1717	0.873
1718	0.819
1719	0.772
1720	0.677
1721	0.646
1722	0.704
1723	0.79
1724	0.857
1725	0.897
1726	0.917
1727	0.928
1728	0.94
1729	0.957
1730	0.967
1731	0.969
1732	0.966
1733	0.96
1734	0.951
1735	0.928
1736	0.883
1737	0.819
1738	0.787
1739	0.831
1740	0.832
1741	0.832
1742	0.805
1743	0.757
1744	0.644
1745	0.551
1746	0.413
1747	0.282
1748	0.173
1749	0.157
1750	0.226
1751	0.524
1752	0.837
1753	0.892
1754	0.905
1755	0.926
1756	0.924
1757	0.923
1758	0.913
1759	0.884
1760	0.849
1761	0.835
1762	0.851
1763	0.872
1764	0.849
1765	0.82
1766	0.779
1767	0.707
1768	0.605
1769	0.469
1770	0.345
1771	0.265
1772	0.211
1773	0.162
1774	0.113
1775	0.077
1776	0.08
1777	0.124
1778	0.193
1779	0.242
1780	0.238
1781	0.241
1782	0.305
1783	0.323
1784	0.293
1785	0.341
1786	0.313
1787	0.366
1788	0.407
1789	0.459
1790	0.518
1791	0.593
1792	0.625
1793	0.557
1794	0.535
1795	0.531
1796	0.498
1797	0.485
1798	0.478
1799	0.543
1800	0.582
1801	0.661
1802	0.682
1803	0.666
1804	0.606
1805	0.548
1806	0.56
1807	0.586
1808	0.626
1809	0.638
1810	0.679
1811	0.753
1812	0.812
1813	0.837
1814	0.819
1815	0.788
1816	0.738
1817	0.652
1818	0.536
1819	0.481
1820	0.484
1821	0.465
1822	0.431
1823	0.37
1824	0.357
1825	0.339
1826	0.325
1827	0.325
1828	0.327
1829	0.329
1830	0.37
1831	0.327
1832	0.336
1833	0.345
1834	0.357
1835	0.54
1836	0.644
1837	0.635
1838	0.539
1839	0.469
1840	0.407
1841	0.326
1842	0.299
1843	0.276
1844	0.292
1845	0.276
1846	0.262
1847	0.252
1848	0.218
1849	0.197
1850	0.199
1851	0.212
1852	0.252
1853	0.307
1854	0.44
1855	0.514
1856	0.462
1857	0.388
1858	0.31
1859	0.327
1860	0.447
1861	0.484
1862	0.447
1863	0.379
1864	0.298
1865	0.243
1866	0.206
1867	0.221
1868	0.262
1869	0.28
1870	0.273
1871	0.26
1872	0.234
1873	0.252
1874	0.268
1875	0.274
1876	0.262
1877	0.246
1878	0.242
1879	0.261
1880	0.267
1881	0.26
1882	0.248
1883	0.32
1884	0.392
1885	0.483
1886	0.58
1887	0.624
1888	0.656
1889	0.624
1890	0.656
1891	0.654
1892	0.617
1893	0.587
1894	0.578
1895	0.636
1896	0.607
1897	0.563
1898	0.553
1899	0.503
1900	0.49
1901	0.466
1902	0.406
1903	0.345
1904	0.302
1905	0.262
1906	0.242
1907	0.26
1908	0.278
1909	0.281
1910	0.325
1911	0.341
1912	0.292
1913	0.276
1914	0.315
1915	0.368
1916	0.408
1917	0.447
1918	0.533
1919	0.628
1920	0.706
1921	0.785
1922	0.843
1923	0.884
1924	0.926
1925	0.931
1926	0.919
1927	0.896
1928	0.858
1929	0.769
1930	0.652
1931	0.654
1932	0.692
1933	0.703
1934	0.72
1935	0.747
1936	0.763
1937	0.747
1938	0.676
1939	0.599
1940	0.57
1941	0.593
1942	0.623
1943	0.618
1944	0.581
1945	0.532
1946	0.51
1947	0.471
1948	0.404
1949	0.351
1950	0.315
1951	0.256
1952	0.182
1953	0.115
1954	0.097
1955	0.088
1956	0.086
1957	0.097
1958	0.116
1959	0.131
1960	0.126
1961	0.123
1962	0.129
1963	0.166
1964	0.214
1965	0.238
1966	0.28
1967	0.325
1968	0.369
1969	0.417
1970	0.442
1971	0.441
1972	0.481
1973	0.532
1974	0.549
1975	0.537
1976	0.578
1977	0.552
1978	0.668
1979	0.796
1980	0.824
1981	0.838
1982	0.855
1983	0.836
1984	0.749
1985	0.693
1986	0.655
1987	0.601
1988	0.493
1989	0.407
1990	0.395
1991	0.413
1992	0.425
1993	0.407
1994	0.387
1995	0.381
1996	0.372
1997	0.328
1998	0.276
1999	0.23
2000	0.174
2001	0.109
2002	0.094
2003	0.082
2004	0.083
2005	0.086
2006	0.09
2007	0.09
2008	0.084
2009	0.077
2010	0.068
2011	0.056
2012	0.034
2013	0.018
2014	0.019
2015	0.038
2016	0.07
2017	0.109
2018	0.139
2019	0.158
2020	0.162
2021	0.163
2022	0.18
2023	0.198
2024	0.186
2025	0.177
2026	0.241
2027	0.284
2028	0.295
2029	0.308
2030	0.308
2031	0.296
2032	0.272
2033	0.249
2034	0.224
2035	0.218
2036	0.209
2037	0.196
2038	0.205
2039	0.226
2040	0.248
2041	0.258
2042	0.267
2043	0.286
2044	0.284
2045	0.287
2046	0.276
2047	0.268
2048	0.25
2049	0.22
2050	0.209
2051	0.232
2052	0.283
2053	0.278
2054	0.257
2055	0.228
2056	0.196
2057	0.171
2058	0.174
2059	0.203
2060	0.207
2061	0.193
2062	0.18
2063	0.177
2064	0.193
2065	0.225
2066	0.265
2067	0.296
2068	0.295
2069	0.256
2070	0.217
2071	0.193
2072	0.151
2073	0.142
2074	0.174
2075	0.267
2076	0.391
2077	0.435
2078	0.434
2079	0.436
2080	0.437
2081	0.419
2082	0.418
2083	0.449
2084	0.462
2085	0.464
2086	0.495
2087	0.496
2088	0.481
2089	0.478
2090	0.423
2091	0.327
2092	0.332
2093	0.355
2094	0.291
2095	0.294
2096	0.258
2097	0.257
2098	0.314
2099	0.33
2100	0.332
2101	0.327
2102	0.308
2103	0.279
2104	0.235
2105	0.177
2106	0.163
2107	0.174
2108	0.191
2109	0.203
2110	0.207
2111	0.199
2112	0.202
2113	0.198
2114	0.19
2115	0.199
2116	0.189
2117	0.171
2118	0.136
2119	0.099
2120	0.08
2121	0.079
2122	0.11
2123	0.144
2124	0.191
2125	0.239
2126	0.271
2127	0.288
2128	0.297
2129	0.294
2130	0.262
2131	0.262
2132	0.303
2133	0.305
2134	0.293
2135	0.275
2136	0.26
2137	0.243
2138	0.228
2139	0.215
2140	0.211
2141	0.215
2142	0.231
2143	0.246
2144	0.215
2145	0.154
2146	0.184
2147	0.165
2148	0.135
2149	0.112
2150	0.095
2151	0.087
2152	0.088
2153	0.099
2154	0.112
2155	0.151
2156	0.198
2157	0.218
2158	0.233
2159	0.225
2160	0.202
2161	0.183
2162	0.168
2163	0.169
2164	0.165
2165	0.174
2166	0.181
2167	0.187
2168	0.157
2169	0.133
2170	0.152
2171	0.209
2172	0.301
2173	0.374
2174	0.425
2175	0.453
2176	0.401
2177	0.326
2178	0.295
2179	0.295
2180	0.289
2181	0.291
2182	0.308
2183	0.339
2184	0.383
2185	0.407
2186	0.426
2187	0.416
2188	0.422
2189	0.447
2190	0.408
2191	0.403
2192	0.42
2193	0.431
2194	0.502
2195	0.595
2196	0.608
2197	0.612
2198	0.7
2199	0.764
2200	0.745
2201	0.654
2202	0.549
2203	0.52
2204	0.508
2205	0.474
2206	0.527
2207	0.59
2208	0.622
2209	0.625
2210	0.616
2211	0.616
2212	0.643
2213	0.692
2214	0.724
2215	0.71
2216	0.664
2217	0.733
2218	0.848
2219	0.902
2220	0.932
2221	0.946
2222	0.954
2223	0.95
2224	0.932
2225	0.912
2226	0.891
2227	0.846
2228	0.751
2229	0.601
2230	0.461
2231	0.44
2232	0.404
2233	0.395
2234	0.385
2235	0.408
2236	0.438
2237	0.417
2238	0.362
2239	0.319
2240	0.302
2241	0.319
2242	0.36
2243	0.397
2244	0.399
2245	0.371
2246	0.321
2247	0.273
2248	0.253
2249	0.263
2250	0.28
2251	0.362
2252	0.449
2253	0.471
2254	0.403
2255	0.318
2256	0.313
2257	0.344
2258	0.339
2259	0.341
2260	0.368
2261	0.431
2262	0.456
2263	0.448
2264	0.387
2265	0.316
2266	0.248
2267	0.193
2268	0.135
2269	0.101
2270	0.068
2271	0.049
2272	0.051
2273	0.062
2274	0.071
2275	0.108
2276	0.166
2277	0.223
2278	0.265
2279	0.269
2280	0.336
2281	0.327
2282	0.262
2283	0.266
2284	0.299
2285	0.308
2286	0.35
2287	0.357
2288	0.351
2289	0.401
2290	0.415
2291	0.384
2292	0.341
2293	0.284
2294	0.225
2295	0.181
2296	0.142
2297	0.119
2298	0.108
2299	0.122
2300	0.146
2301	0.16
2302	0.158
2303	0.136
2304	0.108
2305	0.089
2306	0.081
2307	0.082
2308	0.086
2309	0.09
2310	0.096
2311	0.105
2312	0.1
2313	0.123
2314	0.165
2315	0.193
2316	0.2
2317	0.198
2318	0.202
2319	0.216
2320	0.233
2321	0.244
2322	0.238
2323	0.245
2324	0.297
2325	0.291
2326	0.259
2327	0.23
2328	0.233
2329	0.237
2330	0.219
2331	0.221
2332	0.24
2333	0.266
2334	0.282
2335	0.332
2336	0.292
2337	0.351
2338	0.37
2339	0.362
2340	0.367
2341	0.379
2342	0.396
2343	0.404
2344	0.417
2345	0.388
2346	0.316
2347	0.294
2348	0.26
2349	0.254
2350	0.276
2351	0.31
2352	0.291
2353	0.314
2354	0.293
2355	0.316
2356	0.328
2357	0.318
2358	0.311
2359	0.325
2360	0.352
2361	0.395
2362	0.395
2363	0.381
2364	0.362
2365	0.327
2366	0.286
2367	0.25
2368	0.221
2369	0.204
2370	0.186
2371	0.17
2372	0.181
2373	0.179
2374	0.171
2375	0.172
2376	0.194
2377	0.232
2378	0.26
2379	0.277
2380	0.283
2381	0.256
2382	0.215
2383	0.197
2384	0.162
2385	0.185
2386	0.17
2387	0.147
2388	0.136
2389	0.128
2390	0.114
2391	0.098
2392	0.083
2393	0.071
2394	0.069
2395	0.093
2396	0.151
2397	0.199
2398	0.211
2399	0.198
2400	0.184
2401	0.17
2402	0.159
2403	0.156
2404	0.152
2405	0.148
2406	0.143
2407	0.13
2408	0.089
2409	0.067
2410	0.063
2411	0.053
2412	0.046
2413	0.044
2414	0.041
2415	0.034
2416	0.028
2417	0.021
2418	0.021
2419	0.044
2420	0.106
2421	0.175
2422	0.214
2423	0.23
2424	0.232
2425	0.241
2426	0.265
2427	0.277
2428	0.283
2429	0.259
2430	0.238
2431	0.206
2432	0.2
2433	0.282
2434	0.363
2435	0.42
2436	0.449
2437	0.467
2438	0.485
2439	0.508
2440	0.527
2441	0.512
2442	0.512
2443	0.563
2444	0.584
2445	0.562
2446	0.557
2447	0.527
2448	0.515
2449	0.536
2450	0.563
2451	0.557
2452	0.59
2453	0.621
2454	0.646
2455	0.694
2456	0.75
2457	0.873
2458	0.919
2459	0.933
2460	0.94
2461	0.947
2462	0.955
2463	0.96
2464	0.957
2465	0.95
2466	0.933
2467	0.908
2468	0.891
2469	0.867
2470	0.836
2471	0.808
2472	0.788
2473	0.775
2474	0.778
2475	0.819
2476	0.843
2477	0.856
2478	0.868
2479	0.877
2480	0.883
2481	0.891
2482	0.892
2483	0.875
2484	0.875
2485	0.892
2486	0.883
2487	0.862
2488	0.834
2489	0.791
2490	0.732
2491	0.682
2492	0.644
2493	0.597
2494	0.557
2495	0.548
2496	0.479
2497	0.497
2498	0.522
2499	0.596
2500	0.707
2501	0.804
2502	0.859
2503	0.884
2504	0.903
2505	0.916
2506	0.927
2507	0.934
2508	0.943
2509	0.944
2510	0.945
2511	0.94
2512	0.937
2513	0.941
2514	0.944
2515	0.946
2516	0.942
2517	0.925
2518	0.884
2519	0.801
2520	0.646
2521	0.453
2522	0.297
2523	0.208
2524	0.193
2525	0.207
2526	0.211
2527	0.191
2528	0.156
2529	0.161
2530	0.154
2531	0.147
2532	0.123
2533	0.091
2534	0.067
2535	0.059
2536	0.077
2537	0.124
2538	0.182
2539	0.252
2540	0.32
2541	0.338
2542	0.325
2543	0.284
2544	0.276
2545	0.268
2546	0.242
2547	0.214
2548	0.194
2549	0.189
2550	0.191
2551	0.193
2552	0.216
2553	0.224
2554	0.23
2555	0.28
2556	0.284
2557	0.269
2558	0.253
2559	0.238
2560	0.226
2561	0.229
2562	0.235
2563	0.252
2564	0.298
2565	0.31
2566	0.295
2567	0.282
2568	0.276
2569	0.278
2570	0.281
2571	0.286
2572	0.289
2573	0.278
2574	0.248
2575	0.23
2576	0.214
2577	0.242
2578	0.273
2579	0.301
2580	0.341
2581	0.359
2582	0.345
2583	0.327
2584	0.308
2585	0.286
2586	0.254
2587	0.249
2588	0.307
2589	0.344
2590	0.341
2591	0.326
2592	0.305
2593	0.278
2594	0.251
2595	0.238
2596	0.257
2597	0.305
2598	0.348
2599	0.332
2600	0.24
2601	0.193
2602	0.222
2603	0.339
2604	0.392
2605	0.418
2606	0.415
2607	0.376
2608	0.297
2609	0.213
2610	0.164
2611	0.152
2612	0.146
2613	0.135
2614	0.131
2615	0.122
2616	0.101
2617	0.073
2618	0.054
2619	0.051
2620	0.058
2621	0.051
2622	0.033
2623	0.02
2624	0.012
2625	0.009
2626	0.014
2627	0.019
2628	0.027
2629	0.033
2630	0.041
2631	0.047
2632	0.045
2633	0.041
2634	0.036
2635	0.033
2636	0.034
2637	0.028
2638	0.016
2639	0.011
2640	0.025
2641	0.061
2642	0.115
2643	0.154
2644	0.165
2645	0.17
2646	0.179
2647	0.178
2648	0.186
2649	0.204
2650	0.25
2651	0.319
2652	0.378
2653	0.444
2654	0.502
2655	0.542
2656	0.54
2657	0.493
2658	0.452
2659	0.447
2660	0.448
2661	0.428
2662	0.452
2663	0.496
2664	0.515
2665	0.502
2666	0.496
2667	0.516
2668	0.523
2669	0.554
2670	0.587
2671	0.682
2672	0.683
2673	0.666
2674	0.684
2675	0.7
2676	0.686
2677	0.674
2678	0.664
2679	0.649
2680	0.616
2681	0.563
2682	0.512
2683	0.49
2684	0.471
2685	0.459
2686	0.435
2687	0.406
2688	0.379
2689	0.359
2690	0.314
2691	0.301
2692	0.269
2693	0.238
2694	0.213
2695	0.186
2696	0.161
2697	0.153
2698	0.237
2699	0.362
2700	0.44
2701	0.453
2702	0.433
2703	0.418
2704	0.412
2705	0.374
2706	0.328
2707	0.345
2708	0.415
2709	0.447
2710	0.413
2711	0.373
2712	0.35
2713	0.324
2714	0.316
2715	0.276
2716	0.266
2717	0.268
2718	0.268
2719	0.322
2720	0.327
2721	0.33
2722	0.338
2723	0.35
2724	0.377
2725	0.399
2726	0.407
2727	0.395
2728	0.38
2729	0.332
2730	0.268
2731	0.253
2732	0.253
2733	0.268
2734	0.248
2735	0.252
2736	0.272
2737	0.293
2738	0.316
2739	0.343
2740	0.335
2741	0.287
2742	0.226
2743	0.205
2744	0.173
2745	0.18
2746	0.181
2747	0.171
2748	0.16
2749	0.141
2750	0.104
2751	0.059
2752	0.026
2753	0.011
2754	0.006
2755	0.004
2756	0.009
2757	0.028
2758	0.074
2759	0.147
2760	0.221
2761	0.285
2762	0.322
2763	0.325
2764	0.283
2765	0.264
2766	0.249
2767	0.235
2768	0.391
2769	0.587
2770	0.641
2771	0.627
2772	0.633
2773	0.593
2774	0.476
2775	0.443
2776	0.563
2777	0.682
2778	0.693
2779	0.553
2780	0.324
2781	0.136
2782	0.083
2783	0.419
2784	0.847
2785	0.952
2786	0.973
2787	0.97
2788	0.956
2789	0.938
2790	0.918
2791	0.902
2792	0.889
2793	0.891
2794	0.935
2795	0.945
2796	0.941
2797	0.94
2798	0.936
2799	0.927
2800	0.911
2801	0.875
2802	0.813
2803	0.705
2804	0.563
2805	0.457
2806	0.377
2807	0.265
2808	0.189
2809	0.144
2810	0.117
2811	0.094
2812	0.091
2813	0.096
2814	0.116
2815	0.158
2816	0.198
2817	0.238
2818	0.266
2819	0.269
2820	0.269
2821	0.245
2822	0.221
2823	0.207
2824	0.202
2825	0.175
2826	0.169
2827	0.191
2828	0.214
2829	0.242
2830	0.251
2831	0.249
2832	0.253
2833	0.252
2834	0.218
2835	0.2
2836	0.222
2837	0.258
2838	0.271
2839	0.255
2840	0.24
2841	0.276
2842	0.328
2843	0.364
2844	0.401
2845	0.444
2846	0.481
2847	0.486
2848	0.446
2849	0.44
2850	0.438
2851	0.449
2852	0.475
2853	0.505
2854	0.459
2855	0.462
2856	0.472
2857	0.496
2858	0.498
2859	0.524
2860	0.578
2861	0.633
2862	0.649
2863	0.626
2864	0.529
2865	0.381
2866	0.325
2867	0.268
2868	0.211
2869	0.168
2870	0.14
2871	0.123
2872	0.111
2873	0.095
2874	0.079
2875	0.066
2876	0.059
2877	0.048
2878	0.028
2879	0.011
2880	0.013
2881	0.027
2882	0.049
2883	0.074
2884	0.099
2885	0.122
2886	0.144
2887	0.139
2888	0.162
2889	0.193
2890	0.212
2891	0.241
2892	0.286
2893	0.33
2894	0.345
2895	0.357
2896	0.381
2897	0.38
2898	0.33
2899	0.298
2900	0.295
2901	0.291
2902	0.268
2903	0.298
2904	0.305
2905	0.278
2906	0.313
2907	0.31
2908	0.313
2909	0.289
2910	0.245
2911	0.212
2912	0.259
2913	0.318
2914	0.33
2915	0.311
2916	0.278
2917	0.252
2918	0.217
2919	0.189
2920	0.17
2921	0.161
2922	0.155
2923	0.144
2924	0.153
2925	0.176
2926	0.184
2927	0.187
2928	0.193
2929	0.191
2930	0.21
2931	0.24
2932	0.291
2933	0.351
2934	0.379
2935	0.411
2936	0.465
2937	0.465
2938	0.425
2939	0.407
2940	0.411
2941	0.419
2942	0.431
2943	0.456
2944	0.504
2945	0.553
2946	0.577
2947	0.551
2948	0.5
2949	0.425
2950	0.395
2951	0.413
2952	0.449
2953	0.447
2954	0.438
2955	0.437
2956	0.395
2957	0.374
2958	0.344
2959	0.237
2960	0.289
2961	0.245
2962	0.19
2963	0.148
2964	0.121
2965	0.112
2966	0.12
2967	0.141
2968	0.169
2969	0.193
2970	0.204
2971	0.2
2972	0.198
2973	0.193
2974	0.165
2975	0.132
2976	0.111
2977	0.101
2978	0.097
2979	0.094
2980	0.09
2981	0.086
2982	0.088
2983	0.08
2984	0.075
2985	0.083
2986	0.081
2987	0.077
2988	0.077
2989	0.081
2990	0.089
2991	0.097
2992	0.105
2993	0.118
2994	0.131
2995	0.148
2996	0.172
2997	0.189
2998	0.176
2999	0.145
3000	0.111
3001	0.08
3002	0.062
3003	0.052
3004	0.046
3005	0.041
3006	0.039
3007	0.037
3008	0.034
3009	0.033
3010	0.029
3011	0.028
3012	0.03
3013	0.034
3014	0.04
3015	0.044
3016	0.048
3017	0.049
3018	0.051
3019	0.059
3020	0.081
3021	0.107
3022	0.123
3023	0.129
3024	0.124
3025	0.116
3026	0.108
3027	0.1
3028	0.096
3029	0.094
3030	0.092
3031	0.083
3032	0.071
3033	0.072
3034	0.075
3035	0.076
3036	0.074
3037	0.072
3038	0.072
3039	0.069
3040	0.068
3041	0.076
3042	0.096
3043	0.136
3044	0.216
3045	0.291
3046	0.297
3047	0.303
3048	0.316
3049	0.343
3050	0.387
3051	0.397
3052	0.413
3053	0.436
3054	0.444
3055	0.456
3056	0.516
3057	0.578
3058	0.604
3059	0.599
3060	0.584
3061	0.566
3062	0.553
3063	0.541
3064	0.532
3065	0.517
3066	0.474
3067	0.411
3068	0.377
3069	0.359
3070	0.297
3071	0.258
3072	0.235
3073	0.18
3074	0.149
3075	0.131
3076	0.118
3077	0.106
3078	0.088
3079	0.063
3080	0.048
3081	0.041
3082	0.035
3083	0.032
3084	0.03
3085	0.03
3086	0.033
3087	0.037
3088	0.044
3089	0.054
3090	0.063
3091	0.077
3092	0.092
3093	0.116
3094	0.134
3095	0.148
3096	0.154
3097	0.157
3098	0.159
3099	0.16
3100	0.143
3101	0.124
3102	0.098
3103	0.068
3104	0.055
3105	0.038
3106	0.027
3107	0.025
3108	0.025
3109	0.029
3110	0.037
3111	0.051
3112	0.065
3113	0.081
3114	0.101
3115	0.12
3116	0.151
3117	0.198
3118	0.25
3119	0.283
3120	0.3
3121	0.306
3122	0.295
3123	0.283
3124	0.278
3125	0.28
3126	0.268
3127	0.191
3128	0.209
3129	0.189
3130	0.165
3131	0.151
3132	0.141
3133	0.136
3134	0.132
3135	0.118
3136	0.113
3137	0.114
3138	0.113
3139	0.116
3140	0.131
3141	0.129
3142	0.102
3143	0.095
3144	0.118
3145	0.154
3146	0.159
3147	0.138
3148	0.134
3149	0.176
3150	0.202
3151	0.166
3152	0.162
3153	0.25
3154	0.3
3155	0.326
3156	0.326
3157	0.29
3158	0.25
3159	0.23
3160	0.237
3161	0.257
3162	0.265
3163	0.268
3164	0.362
3165	0.468
3166	0.468
3167	0.429
3168	0.395
3169	0.369
3170	0.357
3171	0.368
3172	0.396
3173	0.415
3174	0.411
3175	0.351
3176	0.291
3177	0.481
3178	0.538
3179	0.549
3180	0.547
3181	0.539
3182	0.519
3183	0.467
3184	0.396
3185	0.33
3186	0.285
3187	0.28
3188	0.351
3189	0.413
3190	0.423
3191	0.407
3192	0.388
3193	0.368
3194	0.355
3195	0.345
3196	0.341
3197	0.346
3198	0.322
3199	0.242
3200	0.184
3201	0.255
3202	0.327
3203	0.365
3204	0.396
3205	0.412
3206	0.424
3207	0.437
3208	0.445
3209	0.44
3210	0.409
3211	0.389
3212	0.395
3213	0.385
3214	0.349
3215	0.322
3216	0.312
3217	0.304
3218	0.305
3219	0.331
3220	0.374
3221	0.405
3222	0.381
3223	0.28
3224	0.196
3225	0.192
3226	0.283
3227	0.318
3228	0.336
3229	0.336
3230	0.341
3231	0.357
3232	0.362
3233	0.347
3234	0.28
3235	0.245
3236	0.289
3237	0.35
3238	0.376
3239	0.35
3240	0.299
3241	0.244
3242	0.199
3243	0.172
3244	0.152
3245	0.14
3246	0.14
3247	0.137
3248	0.103
3249	0.072
3250	0.079
3251	0.1
3252	0.11
3253	0.114
3254	0.116
3255	0.122
3256	0.122
3257	0.114
3258	0.105
3259	0.115
3260	0.158
3261	0.214
3262	0.241
3263	0.246
3264	0.235
3265	0.225
3266	0.217
3267	0.233
3268	0.234
3269	0.229
3270	0.2
3271	0.152
3272	0.16
3273	0.175
3274	0.166
3275	0.15
3276	0.134
3277	0.119
3278	0.103
3279	0.094
3280	0.095
3281	0.1
3282	0.111
3283	0.114
3284	0.134
3285	0.209
3286	0.278
3287	0.311
3288	0.316
3289	0.307
3290	0.301
3291	0.299
3292	0.325
3293	0.317
3294	0.315
3295	0.288
3296	0.326
3297	0.354
3298	0.342
3299	0.33
3300	0.336
3301	0.344
3302	0.35
3303	0.363
3304	0.384
3305	0.4
3306	0.386
3307	0.344
3308	0.271
3309	0.23
3310	0.217
3311	0.208
3312	0.204
3313	0.209
3314	0.212
3315	0.209
3316	0.191
3317	0.18
3318	0.182
3319	0.198
3320	0.238
3321	0.268
3322	0.288
3323	0.305
3324	0.325
3325	0.329
3326	0.328
3327	0.331
3328	0.332
3329	0.324
3330	0.291
3331	0.243
3332	0.183
3333	0.151
3334	0.159
3335	0.174
3336	0.177
3337	0.175
3338	0.171
3339	0.166
3340	0.158
3341	0.151
3342	0.138
3343	0.12
3344	0.12
3345	0.129
3346	0.131
3347	0.127
3348	0.123
3349	0.135
3350	0.166
3351	0.205
3352	0.223
3353	0.211
3354	0.177
3355	0.143
3356	0.13
3357	0.142
3358	0.142
3359	0.129
3360	0.106
3361	0.08
3362	0.059
3363	0.042
3364	0.033
3365	0.026
3366	0.021
3367	0.015
3368	0.018
3369	0.025
3370	0.034
3371	0.04
3372	0.047
3373	0.047
3374	0.045
3375	0.047
3376	0.047
3377	0.045
3378	0.05
3379	0.072
3380	0.118
3381	0.187
3382	0.22
3383	0.216
3384	0.2
3385	0.176
3386	0.153
3387	0.132
3388	0.118
3389	0.105
3390	0.082
3391	0.053
3392	0.041
3393	0.029
3394	0.019
3395	0.011
3396	0.006
3397	0.002
3398	0.004
3399	0.009
3400	0.013
3401	0.016
3402	0.021
3403	0.029
3404	0.044
3405	0.076
3406	0.102
3407	0.115
3408	0.114
3409	0.111
3410	0.113
3411	0.112
3412	0.105
3413	0.09
3414	0.068
3415	0.041
3416	0.025
3417	0.012
3418	0.006
3419	0.007
3420	0.014
3421	0.027
3422	0.041
3423	0.055
3424	0.069
3425	0.079
3426	0.079
3427	0.072
3428	0.077
3429	0.081
3430	0.06
3431	0.042
3432	0.03
3433	0.02
3434	0.015
3435	0.019
3436	0.023
3437	0.018
3438	0.022
3439	0.021
3440	0.027
3441	0.038
3442	0.048
3443	0.055
3444	0.062
3445	0.066
3446	0.073
3447	0.081
3448	0.096
3449	0.107
3450	0.107
3451	0.1
3452	0.089
3453	0.077
3454	0.064
3455	0.046
3456	0.021
3457	0.005
3458	0.007
3459	0.022
3460	0.049
3461	0.082
3462	0.105
3463	0.107
3464	0.124
3465	0.146
3466	0.196
3467	0.289
3468	0.382
3469	0.428
3470	0.471
3471	0.54
3472	0.603
3473	0.57
3474	0.499
3475	0.45
3476	0.46
3477	0.452
3478	0.417
3479	0.353
3480	0.358
3481	0.357
3482	0.404
3483	0.448
3484	0.604
3485	0.629
3486	0.622
3487	0.668
3488	0.749
3489	0.768
3490	0.772
3491	0.783
3492	0.806
3493	0.821
3494	0.832
3495	0.837
3496	0.83
3497	0.814
3498	0.785
3499	0.742
3500	0.663
3501	0.616
3502	0.581
3503	0.556
3504	0.527
3505	0.512
3506	0.511
3507	0.504
3508	0.474
3509	0.433
3510	0.4
3511	0.395
3512	0.496
3513	0.515
3514	0.515
3515	0.527
3516	0.548
3517	0.569
3518	0.586
3519	0.584
3520	0.55
3521	0.512
3522	0.456
3523	0.35
3524	0.289
3525	0.27
3526	0.249
3527	0.266
3528	0.276
3529	0.296
3530	0.31
3531	0.308
3532	0.303
3533	0.298
3534	0.267
3535	0.235
3536	0.2
3537	0.177
3538	0.164
3539	0.143
3540	0.122
3541	0.104
3542	0.092
3543	0.086
3544	0.076
3545	0.062
3546	0.044
3547	0.029
3548	0.021
3549	0.013
3550	0.006
3551	0.018
3552	0.045
3553	0.069
3554	0.088
3555	0.095
3556	0.094
3557	0.101
3558	0.109
3559	0.107
3560	0.107
3561	0.106
3562	0.108
3563	0.108
3564	0.125
3565	0.141
3566	0.161
3567	0.24
3568	0.373
3569	0.481
3570	0.536
3571	0.616
3572	0.66
3573	0.696
3574	0.717
3575	0.747
3576	0.758
3577	0.726
3578	0.673
3579	0.63
3580	0.633
3581	0.599
3582	0.606
3583	0.538
3584	0.508
3585	0.633
3586	0.742
3587	0.725
3588	0.667
3589	0.63
3590	0.578
3591	0.524
3592	0.474
3593	0.381
3594	0.339
3595	0.26
3596	0.24
3597	0.273
3598	0.313
3599	0.332
3600	0.359
3601	0.401
3602	0.461
3603	0.497
3604	0.508
3605	0.512
3606	0.529
3607	0.459
3608	0.415
3609	0.415
3610	0.414
3611	0.413
3612	0.407
3613	0.389
3614	0.376
3615	0.409
3616	0.379
3617	0.341
3618	0.341
3619	0.399
3620	0.385
3621	0.389
3622	0.357
3623	0.314
3624	0.323
3625	0.342
3626	0.307
3627	0.282
3628	0.225
3629	0.222
3630	0.218
3631	0.211
3632	0.214
3633	0.185
3634	0.179
3635	0.17
3636	0.164
3637	0.149
3638	0.125
3639	0.108
3640	0.086
3641	0.071
3642	0.082
3643	0.133
3644	0.262
3645	0.398
3646	0.498
3647	0.619
3648	0.633
3649	0.683
3650	0.733
3651	0.741
3652	0.747
3653	0.699
3654	0.652
3655	0.663
3656	0.696
3657	0.723
3658	0.755
3659	0.789
3660	0.832
3661	0.894
3662	0.932
3663	0.942
3664	0.937
3665	0.927
3666	0.912
3667	0.91
3668	0.922
3669	0.904
3670	0.89
3671	0.882
3672	0.855
3673	0.827
3674	0.806
3675	0.791
3676	0.763
3677	0.721
3678	0.675
3679	0.627
3680	0.665
3681	0.682
3682	0.659
3683	0.638
3684	0.633
3685	0.633
3686	0.617
3687	0.578
3688	0.524
3689	0.458
3690	0.382
3691	0.273
3692	0.177
3693	0.137
3694	0.13
3695	0.125
3696	0.108
3697	0.091
3698	0.069
3699	0.049
3700	0.029
3701	0.015
3702	0.01
3703	0.008
3704	0.019
3705	0.036
3706	0.059
3707	0.088
3708	0.131
3709	0.198
3710	0.269
3711	0.33
3712	0.389
3713	0.453
3714	0.503
3715	0.532
3716	0.593
3717	0.622
3718	0.646
3719	0.649
3720	0.649
3721	0.646
3722	0.639
3723	0.652
3724	0.675
3725	0.692
3726	0.683
3727	0.694
3728	0.691
3729	0.652
3730	0.584
3731	0.505
3732	0.453
3733	0.43
3734	0.428
3735	0.475
3736	0.526
3737	0.481
3738	0.427
3739	0.389
3740	0.356
3741	0.31
3742	0.291
3743	0.278
3744	0.26
3745	0.261
3746	0.264
3747	0.266
3748	0.255
3749	0.225
3750	0.186
3751	0.152
3752	0.133
3753	0.116
3754	0.119
3755	0.153
3756	0.214
3757	0.278
3758	0.327
3759	0.35
3760	0.355
3761	0.356
3762	0.359
3763	0.335
3764	0.291
3765	0.31
3766	0.341
3767	0.342
3768	0.321
3769	0.298
3770	0.28
3771	0.267
3772	0.259
3773	0.223
3774	0.169
3775	0.162
3776	0.224
3777	0.216
3778	0.176
3779	0.126
3780	0.087
3781	0.056
3782	0.03
3783	0.015
3784	0.014
3785	0.019
3786	0.03
3787	0.072
3788	0.147
3789	0.212
3790	0.245
3791	0.248
3792	0.239
3793	0.237
3794	0.234
3795	0.231
3796	0.249
3797	0.238
3798	0.224
3799	0.258
3800	0.28
3801	0.274
3802	0.265
3803	0.26
3804	0.263
3805	0.268
3806	0.268
3807	0.262
3808	0.255
3809	0.243
3810	0.24
3811	0.232
3812	0.216
3813	0.209
3814	0.238
3815	0.235
3816	0.239
3817	0.276
3818	0.297
3819	0.324
3820	0.326
3821	0.319
3822	0.291
3823	0.274
3824	0.301
3825	0.265
3826	0.225
3827	0.193
3828	0.174
3829	0.167
3830	0.157
3831	0.142
3832	0.124
3833	0.1
3834	0.073
3835	0.048
3836	0.033
3837	0.023
3838	0.019
3839	0.021
3840	0.026
3841	0.031
3842	0.035
3843	0.038
3844	0.04
3845	0.046
3846	0.055
3847	0.056
3848	0.073
3849	0.099
3850	0.128
3851	0.152
3852	0.173
3853	0.186
3854	0.201
3855	0.225
3856	0.253
3857	0.28
3858	0.313
3859	0.345
3860	0.357
3861	0.361
3862	0.376
3863	0.379
3864	0.38
3865	0.383
3866	0.383
3867	0.386
3868	0.377
3869	0.368
3870	0.341
3871	0.381
3872	0.401
3873	0.383
3874	0.368
3875	0.366
3876	0.38
3877	0.407
3878	0.435
3879	0.469
3880	0.495
3881	0.504
3882	0.496
3883	0.484
3884	0.465
3885	0.484
3886	0.498
3887	0.472
3888	0.469
3889	0.474
3890	0.499
3891	0.485
3892	0.454
3893	0.418
3894	0.416
3895	0.438
3896	0.563
3897	0.609
3898	0.612
3899	0.603
3900	0.599
3901	0.606
3902	0.622
3903	0.633
3904	0.644
3905	0.674
3906	0.7
3907	0.687
3908	0.671
3909	0.678
3910	0.682
3911	0.671
3912	0.648
3913	0.616
3914	0.574
3915	0.54
3916	0.517
3917	0.496
3918	0.469
3919	0.524
3920	0.603
3921	0.601
3922	0.563
3923	0.519
3924	0.498
3925	0.483
3926	0.473
3927	0.484
3928	0.469
3929	0.411
3930	0.348
3931	0.283
3932	0.217
3933	0.178
3934	0.156
3935	0.129
3936	0.097
3937	0.076
3938	0.062
3939	0.051
3940	0.035
3941	0.022
3942	0.014
3943	0.011
3944	0.014
3945	0.022
3946	0.025
3947	0.022
3948	0.017
3949	0.011
3950	0.005
3951	0.003
3952	0.005
3953	0.013
3954	0.034
3955	0.066
3956	0.113
3957	0.152
3958	0.176
3959	0.178
3960	0.17
3961	0.162
3962	0.151
3963	0.139
3964	0.124
3965	0.106
3966	0.085
3967	0.058
3968	0.042
3969	0.032
3970	0.029
3971	0.028
3972	0.028
3973	0.029
3974	0.032
3975	0.034
3976	0.038
3977	0.046
3978	0.053
3979	0.051
3980	0.046
3981	0.043
3982	0.048
3983	0.059
3984	0.072
3985	0.081
3986	0.086
3987	0.09
3988	0.095
3989	0.104
3990	0.11
3991	0.104
3992	0.143
3993	0.173
3994	0.19
3995	0.202
3996	0.217
3997	0.244
3998	0.267
3999	0.247
4000	0.185
4001	0.135
4002	0.107
4003	0.11
4004	0.168
4005	0.26
4006	0.341
4007	0.371
4008	0.366
4009	0.378
4010	0.39
4011	0.465
4012	0.455
4013	0.435
4014	0.449
4015	0.468
4016	0.551
4017	0.629
4018	0.647
4019	0.643
4020	0.636
4021	0.618
4022	0.577
4023	0.52
4024	0.459
4025	0.41
4026	0.375
4027	0.327
4028	0.264
4029	0.266
4030	0.308
4031	0.324
4032	0.35
4033	0.379
4034	0.382
4035	0.395
4036	0.396
4037	0.388
4038	0.327
4039	0.272
4040	0.341
4041	0.362
4042	0.333
4043	0.3
4044	0.266
4045	0.237
4046	0.213
4047	0.191
4048	0.179
4049	0.175
4050	0.167
4051	0.147
4052	0.114
4053	0.107
4054	0.115
4055	0.126
4056	0.142
4057	0.168
4058	0.186
4059	0.202
4060	0.216
4061	0.238
4062	0.218
4063	0.23
4064	0.319
4065	0.362
4066	0.371
4067	0.384
4068	0.41
4069	0.419
4070	0.407
4071	0.386
4072	0.36
4073	0.339
4074	0.313
4075	0.274
4076	0.239
4077	0.28
4078	0.331
4079	0.343
4080	0.329
4081	0.341
4082	0.334
4083	0.327
4084	0.318
4085	0.319
4086	0.275
4087	0.262
4088	0.278
4089	0.264
4090	0.248
4091	0.228
4092	0.214
4093	0.203
4094	0.205
4095	0.224
4096	0.252
4097	0.273
4098	0.283
4099	0.263
4100	0.232
4101	0.213
4102	0.225
4103	0.248
4104	0.262
4105	0.262
4106	0.262
4107	0.258
4108	0.244
4109	0.218
4110	0.156
4111	0.111
4112	0.087
4113	0.069
4114	0.054
4115	0.043
4116	0.034
4117	0.03
4118	0.032
4119	0.04
4120	0.053
4121	0.066
4122	0.072
4123	0.075
4124	0.072
4125	0.077
4126	0.096
4127	0.115
4128	0.119
4129	0.118
4130	0.118
4131	0.094
4132	0.068
4133	0.09
4134	0.107
4135	0.095
4136	0.105
4137	0.121
4138	0.122
4139	0.124
4140	0.135
4141	0.155
4142	0.165
4143	0.17
4144	0.164
4145	0.17
4146	0.196
4147	0.237
4148	0.305
4149	0.353
4150	0.351
4151	0.321
4152	0.325
4153	0.339
4154	0.362
4155	0.364
4156	0.353
4157	0.329
4158	0.28
4159	0.234
4160	0.224
4161	0.181
4162	0.164
4163	0.225
4164	0.323
4165	0.417
4166	0.471
4167	0.507
4168	0.478
4169	0.434
4170	0.395
4171	0.378
4172	0.344
4173	0.316
4174	0.319
4175	0.351
4176	0.394
4177	0.423
4178	0.447
4179	0.407
4180	0.413
4181	0.327
4182	0.232
4183	0.148
4184	0.103
4185	0.072
4186	0.052
4187	0.044
4188	0.043
4189	0.046
4190	0.059
4191	0.087
4192	0.122
4193	0.151
4194	0.163
4195	0.152
4196	0.135
4197	0.163
4198	0.218
4199	0.225
4200	0.207
4201	0.196
4202	0.205
4203	0.223
4204	0.221
4205	0.216
4206	0.167
4207	0.133
4208	0.163
4209	0.178
4210	0.175
4211	0.174
4212	0.177
4213	0.178
4214	0.179
4215	0.181
4216	0.184
4217	0.188
4218	0.198
4219	0.204
4220	0.214
4221	0.258
4222	0.283
4223	0.265
4224	0.248
4225	0.241
4226	0.231
4227	0.217
4228	0.209
4229	0.191
4230	0.142
4231	0.108
4232	0.125
4233	0.151
4234	0.176
4235	0.214
4236	0.235
4237	0.245
4238	0.253
4239	0.269
4240	0.306
4241	0.351
4242	0.386
4243	0.384
4244	0.351
4245	0.327
4246	0.332
4247	0.323
4248	0.322
4249	0.325
4250	0.336
4251	0.352
4252	0.358
4253	0.339
4254	0.278
4255	0.209
4256	0.243
4257	0.294
4258	0.339
4259	0.366
4260	0.383
4261	0.397
4262	0.418
4263	0.443
4264	0.462
4265	0.471
4266	0.466
4267	0.449
4268	0.459
4269	0.447
4270	0.509
4271	0.532
4272	0.534
4273	0.541
4274	0.545
4275	0.54
4276	0.527
4277	0.521
4278	0.488
4279	0.468
4280	0.585
4281	0.597
4282	0.616
4283	0.625
4284	0.627
4285	0.625
4286	0.626
4287	0.627
4288	0.61
4289	0.54
4290	0.435
4291	0.331
4292	0.26
4293	0.24
4294	0.23
4295	0.217
4296	0.198
4297	0.162
4298	0.125
4299	0.094
4300	0.07
4301	0.061
4302	0.059
4303	0.059
4304	0.08
4305	0.092
4306	0.11
4307	0.125
4308	0.138
4309	0.149
4310	0.156
4311	0.17
4312	0.191
4313	0.221
4314	0.214
4315	0.188
4316	0.202
4317	0.254
4318	0.339
4319	0.384
4320	0.424
4321	0.548
4322	0.57
4323	0.563
4324	0.581
4325	0.576
4326	0.548
4327	0.565
4328	0.635
4329	0.664
4330	0.686
4331	0.686
4332	0.697
4333	0.714
4334	0.707
4335	0.709
4336	0.72
4337	0.723
4338	0.704
4339	0.684
4340	0.593
4341	0.561
4342	0.571
4343	0.605
4344	0.622
4345	0.639
4346	0.629
4347	0.602
4348	0.592
4349	0.546
4350	0.517
4351	0.549
4352	0.618
4353	0.618
4354	0.588
4355	0.533
4356	0.471
4357	0.418
4358	0.381
4359	0.339
4360	0.301
4361	0.28
4362	0.278
4363	0.281
4364	0.255
4365	0.243
4366	0.247
4367	0.235
4368	0.238
4369	0.223
4370	0.217
4371	0.203
4372	0.194
4373	0.186
4374	0.153
4375	0.131
4376	0.131
4377	0.114
4378	0.105
4379	0.104
4380	0.105
4381	0.105
4382	0.1
4383	0.095
4384	0.096
4385	0.102
4386	0.112
4387	0.119
4388	0.121
4389	0.131
4390	0.13
4391	0.112
4392	0.092
4393	0.074
4394	0.062
4395	0.054
4396	0.05
4397	0.048
4398	0.041
4399	0.034
4400	0.032
4401	0.03
4402	0.028
4403	0.023
4404	0.018
4405	0.016
4406	0.018
4407	0.024
4408	0.034
4409	0.049
4410	0.069
4411	0.089
4412	0.107
4413	0.135
4414	0.153
4415	0.13
4416	0.096
4417	0.08
4418	0.079
4419	0.086
4420	0.096
4421	0.101
4422	0.088
4423	0.064
4424	0.078
4425	0.105
4426	0.141
4427	0.185
4428	0.235
4429	0.285
4430	0.322
4431	0.335
4432	0.317
4433	0.292
4434	0.268
4435	0.243
4436	0.208
4437	0.194
4438	0.219
4439	0.232
4440	0.241
4441	0.237
4442	0.227
4443	0.209
4444	0.195
4445	0.186
4446	0.157
4447	0.151
4448	0.19
4449	0.235
4450	0.278
4451	0.301
4452	0.317
4453	0.332
4454	0.351
4455	0.367
4456	0.347
4457	0.344
4458	0.376
4459	0.402
4460	0.352
4461	0.32
4462	0.327
4463	0.311
4464	0.253
4465	0.195
4466	0.169
4467	0.157
4468	0.157
4469	0.158
4470	0.137
4471	0.131
4472	0.116
4473	0.094
4474	0.074
4475	0.058
4476	0.046
4477	0.041
4478	0.042
4479	0.053
4480	0.076
4481	0.106
4482	0.133
4483	0.162
4484	0.185
4485	0.214
4486	0.235
4487	0.209
4488	0.176
4489	0.162
4490	0.15
4491	0.142
4492	0.153
4493	0.17
4494	0.155
4495	0.158
4496	0.184
4497	0.162
4498	0.128
4499	0.1
4500	0.083
4501	0.072
4502	0.062
4503	0.056
4504	0.052
4505	0.047
4506	0.046
4507	0.054
4508	0.074
4509	0.114
4510	0.138
4511	0.143
4512	0.149
4513	0.141
4514	0.122
4515	0.129
4516	0.135
4517	0.145
4518	0.142
4519	0.111
4520	0.079
4521	0.071
4522	0.07
4523	0.065
4524	0.063
4525	0.063
4526	0.058
4527	0.049
4528	0.051
4529	0.052
4530	0.054
4531	0.052
4532	0.048
4533	0.054
4534	0.066
4535	0.088
4536	0.114
4537	0.142
4538	0.165
4539	0.179
4540	0.19
4541	0.195
4542	0.176
4543	0.145
4544	0.185
4545	0.206
4546	0.196
4547	0.189
4548	0.187
4549	0.196
4550	0.21
4551	0.225
4552	0.23
4553	0.223
4554	0.21
4555	0.187
4556	0.171
4557	0.195
4558	0.227
4559	0.251
4560	0.269
4561	0.26
4562	0.241
4563	0.243
4564	0.238
4565	0.221
4566	0.189
4567	0.153
4568	0.13
4569	0.139
4570	0.17
4571	0.198
4572	0.215
4573	0.255
4574	0.295
4575	0.327
4576	0.324
4577	0.291
4578	0.269
4579	0.246
4580	0.246
4581	0.321
4582	0.392
4583	0.456
4584	0.425
4585	0.38
4586	0.303
4587	0.268
4588	0.263
4589	0.248
4590	0.211
4591	0.234
4592	0.23
4593	0.198
4594	0.187
4595	0.186
4596	0.186
4597	0.207
4598	0.238
4599	0.268
4600	0.298
4601	0.318
4602	0.319
4603	0.303
4604	0.257
4605	0.283
4606	0.338
4607	0.371
4608	0.333
4609	0.352
4610	0.357
4611	0.352
4612	0.372
4613	0.384
4614	0.373
4615	0.371
4616	0.339
4617	0.329
4618	0.319
4619	0.341
4620	0.357
4621	0.349
4622	0.322
4623	0.311
4624	0.298
4625	0.291
4626	0.295
4627	0.308
4628	0.25
4629	0.214
4630	0.223
4631	0.242
4632	0.246
4633	0.235
4634	0.218
4635	0.227
4636	0.248
4637	0.24
4638	0.193
4639	0.197
4640	0.207
4641	0.198
4642	0.191
4643	0.175
4644	0.163
4645	0.155
4646	0.147
4647	0.141
4648	0.141
4649	0.143
4650	0.144
4651	0.141
4652	0.136
4653	0.143
4654	0.148
4655	0.138
4656	0.129
4657	0.116
4658	0.104
4659	0.089
4660	0.073
4661	0.06
4662	0.052
4663	0.055
4664	0.065
4665	0.069
4666	0.072
4667	0.072
4668	0.068
4669	0.06
4670	0.053
4671	0.049
4672	0.049
4673	0.054
4674	0.064
4675	0.08
4676	0.105
4677	0.15
4678	0.193
4679	0.216
4680	0.225
4681	0.218
4682	0.208
4683	0.199
4684	0.187
4685	0.179
4686	0.153
4687	0.106
4688	0.101
4689	0.092
4690	0.084
4691	0.085
4692	0.094
4693	0.107
4694	0.117
4695	0.115
4696	0.11
4697	0.098
4698	0.082
4699	0.066
4700	0.059
4701	0.059
4702	0.051
4703	0.051
4704	0.064
4705	0.081
4706	0.087
4707	0.089
4708	0.09
4709	0.09
4710	0.088
4711	0.077
4712	0.086
4713	0.104
4714	0.116
4715	0.122
4716	0.127
4717	0.13
4718	0.144
4719	0.171
4720	0.188
4721	0.199
4722	0.21
4723	0.205
4724	0.196
4725	0.189
4726	0.225
4727	0.274
4728	0.298
4729	0.314
4730	0.345
4731	0.374
4732	0.389
4733	0.401
4734	0.428
4735	0.451
4736	0.485
4737	0.608
4738	0.674
4739	0.635
4740	0.537
4741	0.44
4742	0.395
4743	0.39
4744	0.404
4745	0.409
4746	0.367
4747	0.357
4748	0.334
4749	0.35
4750	0.36
4751	0.358
4752	0.382
4753	0.4
4754	0.395
4755	0.38
4756	0.376
4757	0.384
4758	0.32
4759	0.325
4760	0.44
4761	0.481
4762	0.492
4763	0.516
4764	0.539
4765	0.56
4766	0.57
4767	0.559
4768	0.52
4769	0.462
4770	0.389
4771	0.291
4772	0.219
4773	0.193
4774	0.184
4775	0.172
4776	0.155
4777	0.141
4778	0.119
4779	0.097
4780	0.085
4781	0.086
4782	0.096
4783	0.096
4784	0.118
4785	0.169
4786	0.236
4787	0.312
4788	0.368
4789	0.285
4790	0.17
4791	0.126
4792	0.128
4793	0.128
4794	0.131
4795	0.145
4796	0.175
4797	0.212
4798	0.222
4799	0.207
4800	0.295
4801	0.431
4802	0.536
4803	0.651
4804	0.538
4805	0.389
4806	0.28
4807	0.209
4808	0.224
4809	0.248
4810	0.292
4811	0.313
4812	0.306
4813	0.286
4814	0.3
4815	0.345
4816	0.373
4817	0.357
4818	0.318
4819	0.234
4820	0.189
4821	0.197
4822	0.25
4823	0.297
4824	0.32
4825	0.338
4826	0.347
4827	0.339
4828	0.328
4829	0.325
4830	0.31
4831	0.309
4832	0.325
4833	0.368
4834	0.509
4835	0.61
4836	0.664
4837	0.737
4838	0.86
4839	0.849
4840	0.775
4841	0.686
4842	0.641
4843	0.646
4844	0.628
4845	0.548
4846	0.466
4847	0.443
4848	0.529
4849	0.653
4850	0.745
4851	0.788
4852	0.783
4853	0.735
4854	0.732
4855	0.765
4856	0.812
4857	0.84
4858	0.895
4859	0.903
4860	0.897
4861	0.889
4862	0.883
4863	0.877
4864	0.845
4865	0.808
4866	0.762
4867	0.727
4868	0.682
4869	0.657
4870	0.652
4871	0.657
4872	0.677
4873	0.668
4874	0.659
4875	0.619
4876	0.596
4877	0.557
4878	0.509
4879	0.465
4880	0.533
4881	0.631
4882	0.688
4883	0.711
4884	0.699
4885	0.668
4886	0.645
4887	0.626
4888	0.579
4889	0.463
4890	0.345
4891	0.288
4892	0.29
4893	0.306
4894	0.291
4895	0.276
4896	0.274
4897	0.268
4898	0.276
4899	0.32
4900	0.336
4901	0.32
4902	0.286
4903	0.233
4904	0.301
4905	0.363
4906	0.321
4907	0.308
4908	0.345
4909	0.3
4910	0.235
4911	0.211
4912	0.151
4913	0.111
4914	0.102
4915	0.116
4916	0.148
4917	0.223
4918	0.32
4919	0.392
4920	0.402
4921	0.44
4922	0.543
4923	0.613
4924	0.664
4925	0.674
4926	0.719
4927	0.772
4928	0.762
4929	0.772
4930	0.749
4931	0.715
4932	0.729
4933	0.753
4934	0.765
4935	0.765
4936	0.749
4937	0.721
4938	0.711
4939	0.728
4940	0.733
4941	0.724
4942	0.716
4943	0.706
4944	0.696
4945	0.68
4946	0.66
4947	0.642
4948	0.633
4949	0.643
4950	0.63
4951	0.622
4952	0.632
4953	0.618
4954	0.588
4955	0.549
4956	0.513
4957	0.49
4958	0.465
4959	0.439
4960	0.417
4961	0.39
4962	0.344
4963	0.275
4964	0.265
4965	0.272
4966	0.253
4967	0.218
4968	0.183
4969	0.166
4970	0.149
4971	0.127
4972	0.115
4973	0.104
4974	0.087
4975	0.061
4976	0.054
4977	0.061
4978	0.071
4979	0.085
4980	0.094
4981	0.089
4982	0.079
4983	0.076
4984	0.077
4985	0.086
4986	0.105
4987	0.116
4988	0.126
4989	0.144
4990	0.15
4991	0.162
4992	0.18
4993	0.198
4994	0.212
4995	0.222
4996	0.224
4997	0.223
4998	0.216
4999	0.198
5000	0.207
5001	0.21
5002	0.199
5003	0.191
5004	0.199
5005	0.216
5006	0.247
5007	0.28
5008	0.305
5009	0.319
5010	0.312
5011	0.268
5012	0.2
5013	0.205
5014	0.225
5015	0.212
5016	0.196
5017	0.182
5018	0.17
5019	0.157
5020	0.145
5021	0.128
5022	0.107
5023	0.086
5024	0.08
5025	0.085
5026	0.094
5027	0.1
5028	0.098
5029	0.085
5030	0.071
5031	0.06
5032	0.054
5033	0.055
5034	0.06
5035	0.067
5036	0.085
5037	0.111
5038	0.131
5039	0.147
5040	0.151
5041	0.149
5042	0.145
5043	0.141
5044	0.139
5045	0.142
5046	0.143
5047	0.13
5048	0.156
5049	0.185
5050	0.203
5051	0.223
5052	0.241
5053	0.256
5054	0.268
5055	0.284
5056	0.299
5057	0.298
5058	0.28
5059	0.245
5060	0.201
5061	0.196
5062	0.212
5063	0.221
5064	0.226
5065	0.225
5066	0.219
5067	0.21
5068	0.193
5069	0.173
5070	0.152
5071	0.122
5072	0.113
5073	0.104
5074	0.1
5075	0.097
5076	0.096
5077	0.097
5078	0.106
5079	0.124
5080	0.144
5081	0.155
5082	0.158
5083	0.157
5084	0.149
5085	0.146
5086	0.153
5087	0.157
5088	0.155
5089	0.163
5090	0.169
5091	0.164
5092	0.154
5093	0.137
5094	0.115
5095	0.076
5096	0.056
5097	0.041
5098	0.029
5099	0.018
5100	0.01
5101	0.003
5102	0.002
5103	0.002
5104	0.002
5105	0.004
5106	0.014
5107	0.024
5108	0.044
5109	0.071
5110	0.081
5111	0.088
5112	0.111
5113	0.148
5114	0.184
5115	0.209
5116	0.218
5117	0.215
5118	0.195
5119	0.123
5120	0.107
5121	0.115
5122	0.115
5123	0.114
5124	0.113
5125	0.113
5126	0.113
5127	0.118
5128	0.125
5129	0.131
5130	0.141
5131	0.16
5132	0.229
5133	0.304
5134	0.324
5135	0.28
5136	0.268
5137	0.27
5138	0.258
5139	0.254
5140	0.237
5141	0.23
5142	0.234
5143	0.209
5144	0.208
5145	0.219
5146	0.242
5147	0.278
5148	0.342
5149	0.398
5150	0.44
5151	0.45
5152	0.421
5153	0.407
5154	0.43
5155	0.463
5156	0.465
5157	0.457
5158	0.425
5159	0.414
5160	0.412
5161	0.354
5162	0.308
5163	0.286
5164	0.26
5165	0.252
5166	0.245
5167	0.202
5168	0.226
5169	0.255
5170	0.286
5171	0.313
5172	0.342
5173	0.376
5174	0.38
5175	0.362
5176	0.357
5177	0.321
5178	0.239
5179	0.187
5180	0.195
5181	0.205
5182	0.207
5183	0.228
5184	0.248
5185	0.22
5186	0.214
5187	0.209
5188	0.225
5189	0.252
5190	0.277
5191	0.289
5192	0.391
5193	0.443
5194	0.482
5195	0.515
5196	0.552
5197	0.593
5198	0.623
5199	0.633
5200	0.578
5201	0.502
5202	0.435
5203	0.448
5204	0.48
5205	0.475
5206	0.453
5207	0.43
5208	0.37
5209	0.354
5210	0.377
5211	0.35
5212	0.305
5213	0.278
5214	0.257
5215	0.241
5216	0.261
5217	0.283
5218	0.276
5219	0.26
5220	0.247
5221	0.262
5222	0.302
5223	0.336
5224	0.332
5225	0.299
5226	0.24
5227	0.184
5228	0.154
5229	0.157
5230	0.162
5231	0.153
5232	0.138
5233	0.132
5234	0.133
5235	0.14
5236	0.143
5237	0.144
5238	0.139
5239	0.106
5240	0.093
5241	0.092
5242	0.102
5243	0.116
5244	0.134
5245	0.152
5246	0.17
5247	0.185
5248	0.187
5249	0.178
5250	0.158
5251	0.133
5252	0.124
5253	0.125
5254	0.112
5255	0.088
5256	0.066
5257	0.048
5258	0.037
5259	0.029
5260	0.021
5261	0.014
5262	0.009
5263	0.006
5264	0.009
5265	0.016
5266	0.021
5267	0.023
5268	0.029
5269	0.036
5270	0.05
5271	0.079
5272	0.122
5273	0.167
5274	0.225
5275	0.301
5276	0.367
5277	0.395
5278	0.431
5279	0.524
5280	0.71
5281	0.836
5282	0.913
5283	0.923
5284	0.915
5285	0.793
5286	0.635
5287	0.413
5288	0.297
5289	0.276
5290	0.295
5291	0.336
5292	0.383
5293	0.447
5294	0.49
5295	0.469
5296	0.437
5297	0.379
5298	0.295
5299	0.28
5300	0.278
5301	0.25
5302	0.221
5303	0.168
5304	0.106
5305	0.051
5306	0.05
5307	0.072
5308	0.091
5309	0.111
5310	0.132
5311	0.128
5312	0.132
5313	0.142
5314	0.157
5315	0.178
5316	0.203
5317	0.226
5318	0.24
5319	0.256
5320	0.296
5321	0.348
5322	0.38
5323	0.411
5324	0.447
5325	0.495
5326	0.52
5327	0.55
5328	0.533
5329	0.509
5330	0.484
5331	0.444
5332	0.416
5333	0.4
5334	0.385
5335	0.338
5336	0.357
5337	0.413
5338	0.472
5339	0.471
5340	0.453
5341	0.438
5342	0.43
5343	0.431
5344	0.419
5345	0.396
5346	0.354
5347	0.289
5348	0.235
5349	0.207
5350	0.186
5351	0.172
5352	0.164
5353	0.163
5354	0.166
5355	0.168
5356	0.171
5357	0.177
5358	0.185
5359	0.162
5360	0.149
5361	0.171
5362	0.17
5363	0.17
5364	0.175
5365	0.191
5366	0.214
5367	0.239
5368	0.254
5369	0.254
5370	0.244
5371	0.198
5372	0.175
5373	0.192
5374	0.212
5375	0.226
5376	0.231
5377	0.228
5378	0.217
5379	0.202
5380	0.176
5381	0.149
5382	0.123
5383	0.097
5384	0.078
5385	0.065
5386	0.069
5387	0.095
5388	0.103
5389	0.1
5390	0.089
5391	0.075
5392	0.06
5393	0.042
5394	0.029
5395	0.026
5396	0.041
5397	0.086
5398	0.147
5399	0.191
5400	0.215
5401	0.221
5402	0.222
5403	0.226
5404	0.223
5405	0.222
5406	0.226
5407	0.178
5408	0.129
5409	0.111
5410	0.095
5411	0.095
5412	0.135
5413	0.241
5414	0.404
5415	0.603
5416	0.721
5417	0.724
5418	0.662
5419	0.556
5420	0.553
5421	0.575
5422	0.603
5423	0.627
5424	0.638
5425	0.668
5426	0.688
5427	0.689
5428	0.649
5429	0.59
5430	0.527
5431	0.406
5432	0.4
5433	0.37
5434	0.276
5435	0.222
5436	0.207
5437	0.276
5438	0.358
5439	0.431
5440	0.456
5441	0.452
5442	0.38
5443	0.383
5444	0.437
5445	0.465
5446	0.478
5447	0.502
5448	0.61
5449	0.657
5450	0.694
5451	0.737
5452	0.843
5453	0.897
5454	0.866
5455	0.74
5456	0.617
5457	0.656
5458	0.749
5459	0.749
5460	0.745
5461	0.726
5462	0.729
5463	0.739
5464	0.731
5465	0.686
5466	0.608
5467	0.56
5468	0.569
5469	0.571
5470	0.555
5471	0.542
5472	0.547
5473	0.573
5474	0.524
5475	0.487
5476	0.464
5477	0.452
5478	0.45
5479	0.446
5480	0.544
5481	0.689
5482	0.776
5483	0.82
5484	0.839
5485	0.854
5486	0.865
5487	0.874
5488	0.881
5489	0.87
5490	0.847
5491	0.818
5492	0.8
5493	0.793
5494	0.78
5495	0.766
5496	0.756
5497	0.748
5498	0.714
5499	0.685
5500	0.663
5501	0.662
5502	0.647
5503	0.593
5504	0.548
5505	0.575
5506	0.589
5507	0.563
5508	0.548
5509	0.524
5510	0.504
5511	0.487
5512	0.481
5513	0.495
5514	0.512
5515	0.481
5516	0.502
5517	0.487
5518	0.493
5519	0.519
5520	0.49
5521	0.462
5522	0.42
5523	0.402
5524	0.396
5525	0.398
5526	0.391
5527	0.357
5528	0.341
5529	0.425
5530	0.529
5531	0.57
5532	0.597
5533	0.622
5534	0.642
5535	0.649
5536	0.633
5537	0.597
5538	0.505
5539	0.453
5540	0.459
5541	0.452
5542	0.45
5543	0.436
5544	0.411
5545	0.395
5546	0.368
5547	0.336
5548	0.297
5549	0.249
5550	0.211
5551	0.185
5552	0.143
5553	0.17
5554	0.205
5555	0.214
5556	0.223
5557	0.227
5558	0.241
5559	0.291
5560	0.336
5561	0.331
5562	0.26
5563	0.198
5564	0.192
5565	0.225
5566	0.272
5567	0.304
5568	0.31
5569	0.325
5570	0.347
5571	0.395
5572	0.435
5573	0.468
5574	0.504
5575	0.521
5576	0.563
5577	0.689
5578	0.816
5579	0.89
5580	0.909
5581	0.913
5582	0.889
5583	0.815
5584	0.642
5585	0.478
5586	0.345
5587	0.28
5588	0.259
5589	0.268
5590	0.286
5591	0.325
5592	0.371
5593	0.414
5594	0.444
5595	0.457
5596	0.476
5597	0.444
5598	0.415
5599	0.345
5600	0.407
5601	0.462
5602	0.628
5603	0.723
5604	0.759
5605	0.738
5606	0.725
5607	0.749
5608	0.752
5609	0.711
5610	0.642
5611	0.596
5612	0.578
5613	0.509
5614	0.47
5615	0.487
5616	0.489
5617	0.476
5618	0.475
5619	0.484
5620	0.484
5621	0.49
5622	0.526
5623	0.484
5624	0.464
5625	0.574
5626	0.595
5627	0.597
5628	0.603
5629	0.594
5630	0.599
5631	0.607
5632	0.604
5633	0.546
5634	0.475
5635	0.413
5636	0.411
5637	0.433
5638	0.441
5639	0.44
5640	0.422
5641	0.385
5642	0.362
5643	0.334
5644	0.315
5645	0.298
5646	0.3
5647	0.281
5648	0.216
5649	0.212
5650	0.201
5651	0.18
5652	0.135
5653	0.127
5654	0.112
5655	0.089
5656	0.06
5657	0.034
5658	0.02
5659	0.021
5660	0.041
5661	0.06
5662	0.072
5663	0.073
5664	0.081
5665	0.096
5666	0.111
5667	0.102
5668	0.095
5669	0.097
5670	0.129
5671	0.16
5672	0.13
5673	0.09
5674	0.06
5675	0.062
5676	0.082
5677	0.101
5678	0.116
5679	0.131
5680	0.145
5681	0.133
5682	0.101
5683	0.08
5684	0.071
5685	0.076
5686	0.103
5687	0.136
5688	0.153
5689	0.159
5690	0.191
5691	0.244
5692	0.298
5693	0.331
5694	0.357
5695	0.316
5696	0.297
5697	0.356
5698	0.357
5699	0.346
5700	0.33
5701	0.319
5702	0.32
5703	0.321
5704	0.301
5705	0.235
5706	0.17
5707	0.155
5708	0.178
5709	0.194
5710	0.21
5711	0.235
5712	0.235
5713	0.215
5714	0.221
5715	0.243
5716	0.259
5717	0.268
5718	0.264
5719	0.243
5720	0.214
5721	0.212
5722	0.235
5723	0.258
5724	0.278
5725	0.289
5726	0.299
5727	0.298
5728	0.297
5729	0.274
5730	0.299
5731	0.36
5732	0.371
5733	0.399
5734	0.407
5735	0.407
5736	0.388
5737	0.354
5738	0.241
5739	0.227
5740	0.369
5741	0.478
5742	0.481
5743	0.365
5744	0.246
5745	0.284
5746	0.291
5747	0.291
5748	0.289
5749	0.289
5750	0.305
5751	0.344
5752	0.38
5753	0.355
5754	0.325
5755	0.344
5756	0.37
5757	0.373
5758	0.337
5759	0.327
5760	0.324
5761	0.325
5762	0.345
5763	0.395
5764	0.462
5765	0.515
5766	0.555
5767	0.638
5768	0.716
5769	0.762
5770	0.79
5771	0.845
5772	0.848
5773	0.832
5774	0.804
5775	0.768
5776	0.738
5777	0.752
5778	0.754
5779	0.763
5780	0.785
5781	0.752
5782	0.681
5783	0.672
5784	0.679
5785	0.702
5786	0.741
5787	0.788
5788	0.81
5789	0.843
5790	0.871
5791	0.866
5792	0.848
5793	0.845
5794	0.845
5795	0.83
5796	0.772
5797	0.758
5798	0.658
5799	0.538
5800	0.413
5801	0.286
5802	0.191
5803	0.169
5804	0.236
5805	0.356
5806	0.567
5807	0.834
5808	0.783
5809	0.677
5810	0.451
5811	0.221
5812	0.323
5813	0.492
5814	0.507
5815	0.395
5816	0.411
5817	0.451
5818	0.536
5819	0.608
5820	0.627
5821	0.621
5822	0.624
5823	0.623
5824	0.603
5825	0.571
5826	0.509
5827	0.444
5828	0.411
5829	0.401
5830	0.413
5831	0.435
5832	0.44
5833	0.462
5834	0.494
5835	0.515
5836	0.522
5837	0.516
5838	0.498
5839	0.463
5840	0.378
5841	0.425
5842	0.468
5843	0.431
5844	0.398
5845	0.362
5846	0.333
5847	0.317
5848	0.326
5849	0.302
5850	0.268
5851	0.268
5852	0.298
5853	0.305
5854	0.294
5855	0.295
5856	0.308
5857	0.333
5858	0.353
5859	0.365
5860	0.346
5861	0.357
5862	0.39
5863	0.414
5864	0.43
5865	0.548
5866	0.635
5867	0.687
5868	0.745
5869	0.792
5870	0.8
5871	0.776
5872	0.719
5873	0.675
5874	0.641
5875	0.629
5876	0.594
5877	0.561
5878	0.507
5879	0.471
5880	0.414
5881	0.386
5882	0.376
5883	0.362
5884	0.429
5885	0.404
5886	0.398
5887	0.389
5888	0.345
5889	0.334
5890	0.414
5891	0.536
5892	0.584
5893	0.597
5894	0.584
5895	0.553
5896	0.49
5897	0.412
5898	0.36
5899	0.389
5900	0.473
5901	0.497
5902	0.469
5903	0.495
5904	0.517
5905	0.513
5906	0.49
5907	0.552
5908	0.584
5909	0.647
5910	0.721
5911	0.815
5912	0.865
5913	0.92
5914	0.943
5915	0.953
5916	0.951
5917	0.958
5918	0.957
5919	0.947
5920	0.938
5921	0.92
5922	0.889
5923	0.853
5924	0.804
5925	0.732
5926	0.656
5927	0.622
5928	0.553
5929	0.45
5930	0.431
5931	0.437
5932	0.447
5933	0.456
5934	0.425
5935	0.368
5936	0.308
5937	0.359
5938	0.478
5939	0.52
5940	0.524
5941	0.556
5942	0.613
5943	0.659
5944	0.689
5945	0.723
5946	0.685
5947	0.624
5948	0.628
5949	0.681
5950	0.751
5951	0.867
5952	0.877
5953	0.874
5954	0.838
5955	0.77
5956	0.689
5957	0.656
5958	0.604
5959	0.578
5960	0.573
5961	0.563
5962	0.564
5963	0.619
5964	0.637
5965	0.636
5966	0.622
5967	0.59
5968	0.556
5969	0.493
5970	0.411
5971	0.395
5972	0.421
5973	0.394
5974	0.38
5975	0.372
5976	0.355
5977	0.34
5978	0.328
5979	0.311
5980	0.286
5981	0.251
5982	0.216
5983	0.177
5984	0.122
5985	0.101
5986	0.087
5987	0.077
5988	0.075
5989	0.076
5990	0.076
5991	0.073
5992	0.069
5993	0.068
5994	0.067
5995	0.071
5996	0.062
5997	0.041
5998	0.028
5999	0.019
6000	0.013
6001	0.032
6002	0.073
6003	0.119
6004	0.149
6005	0.162
6006	0.174
6007	0.174
6008	0.155
6009	0.139
6010	0.161
6011	0.191
6012	0.209
6013	0.221
6014	0.232
6015	0.235
6016	0.232
6017	0.217
6018	0.225
6019	0.242
6020	0.257
6021	0.277
6022	0.237
6023	0.219
6024	0.23
6025	0.205
6026	0.138
6027	0.137
6028	0.266
6029	0.409
6030	0.572
6031	0.568
6032	0.536
6033	0.61
6034	0.638
6035	0.61
6036	0.574
6037	0.54
6038	0.517
6039	0.493
6040	0.477
6041	0.434
6042	0.364
6043	0.362
6044	0.335
6045	0.289
6046	0.26
6047	0.235
6048	0.213
6049	0.198
6050	0.187
6051	0.18
6052	0.157
6053	0.119
6054	0.103
6055	0.126
6056	0.128
6057	0.14
6058	0.238
6059	0.365
6060	0.466
6061	0.52
6062	0.581
6063	0.671
6064	0.706
6065	0.745
6066	0.797
6067	0.827
6068	0.842
6069	0.841
6070	0.841
6071	0.85
6072	0.879
6073	0.874
6074	0.842
6075	0.812
6076	0.756
6077	0.71
6078	0.654
6079	0.637
6080	0.629
6081	0.607
6082	0.599
6083	0.657
6084	0.739
6085	0.751
6086	0.702
6087	0.624
6088	0.551
6089	0.465
6090	0.363
6091	0.348
6092	0.347
6093	0.35
6094	0.339
6095	0.348
6096	0.329
6097	0.341
6098	0.32
6099	0.301
6100	0.258
6101	0.249
6102	0.237
6103	0.274
6104	0.32
6105	0.357
6106	0.383
6107	0.475
6108	0.631
6109	0.593
6110	0.516
6111	0.485
6112	0.469
6113	0.404
6114	0.327
6115	0.312
6116	0.332
6117	0.35
6118	0.358
6119	0.341
6120	0.343
6121	0.32
6122	0.309
6123	0.286
6124	0.251
6125	0.22
6126	0.185
6127	0.169
6128	0.145
6129	0.101
6130	0.088
6131	0.113
6132	0.113
6133	0.104
6134	0.1
6135	0.093
6136	0.072
6137	0.06
6138	0.046
6139	0.036
6140	0.042
6141	0.068
6142	0.125
6143	0.216
6144	0.326
6145	0.407
6146	0.427
6147	0.469
6148	0.472
6149	0.46
6150	0.481
6151	0.483
6152	0.55
6153	0.605
6154	0.641
6155	0.686
6156	0.719
6157	0.738
6158	0.758
6159	0.769
6160	0.773
6161	0.772
6162	0.755
6163	0.721
6164	0.61
6165	0.502
6166	0.456
6167	0.407
6168	0.362
6169	0.31
6170	0.25
6171	0.2
6172	0.187
6173	0.13
6174	0.091
6175	0.063
6176	0.054
6177	0.06
6178	0.061
6179	0.041
6180	0.024
6181	0.014
6182	0.007
6183	0.008
6184	0.008
6185	0.014
6186	0.026
6187	0.052
6188	0.08
6189	0.09
6190	0.086
6191	0.081
6192	0.081
6193	0.086
6194	0.09
6195	0.095
6196	0.085
6197	0.077
6198	0.08
6199	0.088
6200	0.072
6201	0.06
6202	0.056
6203	0.053
6204	0.052
6205	0.059
6206	0.067
6207	0.079
6208	0.096
6209	0.117
6210	0.129
6211	0.162
6212	0.209
6213	0.207
6214	0.171
6215	0.135
6216	0.125
6217	0.116
6218	0.113
6219	0.119
6220	0.12
6221	0.113
6222	0.098
6223	0.081
6224	0.058
6225	0.042
6226	0.029
6227	0.019
6228	0.016
6229	0.018
6230	0.024
6231	0.025
6232	0.022
6233	0.018
6234	0.015
6235	0.014
6236	0.01
6237	0.007
6238	0.005
6239	0.008
6240	0.013
6241	0.018
6242	0.023
6243	0.03
6244	0.036
6245	0.041
6246	0.041
6247	0.042
6248	0.042
6249	0.033
6250	0.038
6251	0.05
6252	0.051
6253	0.048
6254	0.043
6255	0.036
6256	0.029
6257	0.023
6258	0.018
6259	0.015
6260	0.012
6261	0.011
6262	0.017
6263	0.029
6264	0.042
6265	0.055
6266	0.068
6267	0.079
6268	0.082
6269	0.078
6270	0.07
6271	0.061
6272	0.051
6273	0.03
6274	0.026
6275	0.041
6276	0.054
6277	0.074
6278	0.101
6279	0.126
6280	0.142
6281	0.143
6282	0.145
6283	0.187
6284	0.242
6285	0.292
6286	0.32
6287	0.331
6288	0.332
6289	0.336
6290	0.343
6291	0.35
6292	0.352
6293	0.359
6294	0.37
6295	0.38
6296	0.341
6297	0.289
6298	0.362
6299	0.505
6300	0.593
6301	0.646
6302	0.671
6303	0.685
6304	0.685
6305	0.661
6306	0.663
6307	0.678
6308	0.686
6309	0.692
6310	0.686
6311	0.682
6312	0.704
6313	0.711
6314	0.721
6315	0.694
6316	0.684
6317	0.694
6318	0.696
6319	0.7
6320	0.68
6321	0.653
6322	0.762
6323	0.772
6324	0.791
6325	0.787
6326	0.752
6327	0.687
6328	0.658
6329	0.664
6330	0.653
6331	0.641
6332	0.64
6333	0.625
6334	0.618
6335	0.6
6336	0.608
6337	0.613
6338	0.592
6339	0.563
6340	0.51
6341	0.38
6342	0.269
6343	0.206
6344	0.157
6345	0.113
6346	0.071
6347	0.05
6348	0.053
6349	0.06
6350	0.058
6351	0.049
6352	0.042
6353	0.06
6354	0.091
6355	0.121
6356	0.138
6357	0.141
6358	0.141
6359	0.132
6360	0.12
6361	0.122
6362	0.147
6363	0.17
6364	0.172
6365	0.153
6366	0.163
6367	0.203
6368	0.223
6369	0.244
6370	0.301
6371	0.431
6372	0.544
6373	0.628
6374	0.672
6375	0.7
6376	0.706
6377	0.56
6378	0.44
6379	0.362
6380	0.352
6381	0.349
6382	0.342
6383	0.365
6384	0.415
6385	0.411
6386	0.401
6387	0.414
6388	0.38
6389	0.327
6390	0.287
6391	0.281
6392	0.247
6393	0.189
6394	0.206
6395	0.244
6396	0.289
6397	0.308
6398	0.308
6399	0.284
6400	0.25
6401	0.218
6402	0.194
6403	0.178
6404	0.144
6405	0.102
6406	0.054
6407	0.022
6408	0.015
6409	0.038
6410	0.079
6411	0.119
6412	0.124
6413	0.114
6414	0.113
6415	0.098
6416	0.08
6417	0.054
6418	0.055
6419	0.091
6420	0.147
6421	0.187
6422	0.23
6423	0.271
6424	0.271
6425	0.245
6426	0.255
6427	0.374
6428	0.449
6429	0.524
6430	0.552
6431	0.623
6432	0.666
6433	0.626
6434	0.565
6435	0.528
6436	0.414
6437	0.41
6438	0.456
6439	0.505
6440	0.468
6441	0.539
6442	0.538
6443	0.553
6444	0.613
6445	0.638
6446	0.606
6447	0.538
6448	0.462
6449	0.428
6450	0.415
6451	0.431
6452	0.413
6453	0.373
6454	0.362
6455	0.366
6456	0.35
6457	0.323
6458	0.298
6459	0.276
6460	0.228
6461	0.17
6462	0.106
6463	0.067
6464	0.092
6465	0.151
6466	0.238
6467	0.402
6468	0.484
6469	0.536
6470	0.588
6471	0.584
6472	0.483
6473	0.407
6474	0.374
6475	0.36
6476	0.388
6477	0.5
6478	0.574
6479	0.639
6480	0.661
6481	0.642
6482	0.607
6483	0.573
6484	0.502
6485	0.448
6486	0.327
6487	0.258
6488	0.178
6489	0.12
6490	0.11
6491	0.127
6492	0.13
6493	0.136
6494	0.126
6495	0.114
6496	0.074
6497	0.029
6498	0.024
6499	0.061
6500	0.122
6501	0.173
6502	0.207
6503	0.26
6504	0.305
6505	0.365
6506	0.384
6507	0.403
6508	0.384
6509	0.353
6510	0.374
6511	0.375
6512	0.339
6513	0.278
6514	0.274
6515	0.241
6516	0.232
6517	0.244
6518	0.257
6519	0.271
6520	0.281
6521	0.272
6522	0.231
6523	0.231
6524	0.26
6525	0.26
6526	0.235
6527	0.187
6528	0.126
6529	0.086
6530	0.067
6531	0.043
6532	0.02
6533	0.008
6534	0.015
6535	0.041
6536	0.108
6537	0.164
6538	0.188
6539	0.187
6540	0.216
6541	0.261
6542	0.345
6543	0.463
6544	0.57
6545	0.654
6546	0.663
6547	0.678
6548	0.701
6549	0.628
6550	0.577
6551	0.533
6552	0.529
6553	0.556
6554	0.567
6555	0.607
6556	0.671
6557	0.676
6558	0.678
6559	0.659
6560	0.648
6561	0.626
6562	0.671
6563	0.654
6564	0.603
6565	0.564
6566	0.54
6567	0.527
6568	0.512
6569	0.478
6570	0.421
6571	0.374
6572	0.34
6573	0.303
6574	0.276
6575	0.256
6576	0.243
6577	0.238
6578	0.225
6579	0.201
6580	0.176
6581	0.15
6582	0.131
6583	0.114
6584	0.094
6585	0.066
6586	0.051
6587	0.046
6588	0.032
6589	0.014
6590	0.005
6591	0.01
6592	0.019
6593	0.011
6594	0.004
6595	0.012
6596	0.04
6597	0.093
6598	0.145
6599	0.192
6600	0.237
6601	0.271
6602	0.307
6603	0.341
6604	0.398
6605	0.451
6606	0.508
6607	0.618
6608	0.7
6609	0.759
6610	0.872
6611	0.936
6612	0.961
6613	0.97
6614	0.969
6615	0.946
6616	0.896
6617	0.858
6618	0.868
6619	0.866
6620	0.869
6621	0.873
6622	0.863
6623	0.868
6624	0.873
6625	0.883
6626	0.902
6627	0.919
6628	0.913
6629	0.886
6630	0.802
6631	0.58
6632	0.294
6633	0.167
6634	0.17
6635	0.223
6636	0.288
6637	0.226
6638	0.196
6639	0.171
6640	0.133
6641	0.107
6642	0.086
6643	0.128
6644	0.203
6645	0.23
6646	0.245
6647	0.264
6648	0.283
6649	0.306
6650	0.325
6651	0.339
6652	0.35
6653	0.371
6654	0.386
6655	0.405
6656	0.452
6657	0.471
6658	0.486
6659	0.529
6660	0.612
6661	0.618
6662	0.55
6663	0.407
6664	0.25
6665	0.234
6666	0.235
6667	0.272
6668	0.263
6669	0.269
6670	0.32
6671	0.344
6672	0.338
6673	0.36
6674	0.403
6675	0.416
6676	0.415
6677	0.481
6678	0.521
6679	0.521
6680	0.469
6681	0.364
6682	0.308
6683	0.314
6684	0.181
6685	0.079
6686	0.102
6687	0.155
6688	0.063
6689	0.084
6690	0.139
6691	0.216
6692	0.327
6693	0.469
6694	0.575
6695	0.692
6696	0.795
6697	0.916
6698	0.944
6699	0.938
6700	0.903
6701	0.818
6702	0.698
6703	0.653
6704	0.578
6705	0.517
6706	0.542
6707	0.634
6708	0.76
6709	0.81
6710	0.828
6711	0.839
6712	0.838
6713	0.803
6714	0.777
6715	0.771
6716	0.762
6717	0.747
6718	0.753
6719	0.764
6720	0.771
6721	0.793
6722	0.797
6723	0.797
6724	0.801
6725	0.793
6726	0.796
6727	0.813
6728	0.826
6729	0.838
6730	0.866
6731	0.908
6732	0.919
6733	0.898
6734	0.873
6735	0.862
6736	0.849
6737	0.822
6738	0.797
6739	0.781
6740	0.762
6741	0.752
6742	0.742
6743	0.745
6744	0.738
6745	0.731
6746	0.723
6747	0.715
6748	0.687
6749	0.626
6750	0.566
6751	0.527
6752	0.474
6753	0.462
6754	0.507
6755	0.573
6756	0.633
6757	0.684
6758	0.721
6759	0.715
6760	0.694
6761	0.696
6762	0.709
6763	0.726
6764	0.729
6765	0.723
6766	0.694
6767	0.657
6768	0.64
6769	0.622
6770	0.595
6771	0.56
6772	0.506
6773	0.444
6774	0.38
6775	0.365
6776	0.331
6777	0.334
6778	0.405
6779	0.608
6780	0.711
6781	0.814
6782	0.854
6783	0.857
6784	0.854
6785	0.85
6786	0.844
6787	0.841
6788	0.842
6789	0.843
6790	0.845
6791	0.842
6792	0.818
6793	0.775
6794	0.722
6795	0.657
6796	0.619
6797	0.557
6798	0.496
6799	0.536
6800	0.547
6801	0.558
6802	0.61
6803	0.672
6804	0.747
6805	0.785
6806	0.794
6807	0.786
6808	0.731
6809	0.66
6810	0.581
6811	0.503
6812	0.425
6813	0.383
6814	0.362
6815	0.345
6816	0.319
6817	0.297
6818	0.284
6819	0.276
6820	0.248
6821	0.214
6822	0.189
6823	0.179
6824	0.19
6825	0.207
6826	0.193
6827	0.202
6828	0.232
6829	0.225
6830	0.243
6831	0.265
6832	0.212
6833	0.148
6834	0.156
6835	0.164
6836	0.153
6837	0.136
6838	0.127
6839	0.127
6840	0.126
6841	0.119
6842	0.098
6843	0.077
6844	0.059
6845	0.053
6846	0.055
6847	0.057
6848	0.054
6849	0.05
6850	0.033
6851	0.022
6852	0.019
6853	0.019
6854	0.026
6855	0.046
6856	0.079
6857	0.095
6858	0.125
6859	0.156
6860	0.169
6861	0.183
6862	0.199
6863	0.162
6864	0.142
6865	0.113
6866	0.087
6867	0.069
6868	0.061
6869	0.074
6870	0.091
6871	0.116
6872	0.157
6873	0.191
6874	0.209
6875	0.212
6876	0.188
6877	0.181
6878	0.158
6879	0.148
6880	0.159
6881	0.189
6882	0.221
6883	0.252
6884	0.276
6885	0.277
6886	0.294
6887	0.316
6888	0.33
6889	0.33
6890	0.331
6891	0.332
6892	0.341
6893	0.319
6894	0.287
6895	0.286
6896	0.278
6897	0.252
6898	0.235
6899	0.251
6900	0.322
6901	0.389
6902	0.427
6903	0.456
6904	0.51
6905	0.575
6906	0.635
6907	0.664
6908	0.669
6909	0.676
6910	0.642
6911	0.536
6912	0.314
6913	0.316
6914	0.391
6915	0.451
6916	0.44
6917	0.447
6918	0.441
6919	0.416
6920	0.4
6921	0.342
6922	0.284
6923	0.362
6924	0.444
6925	0.454
6926	0.459
6927	0.431
6928	0.392
6929	0.392
6930	0.462
6931	0.529
6932	0.575
6933	0.583
6934	0.56
6935	0.58
6936	0.572
6937	0.56
6938	0.556
6939	0.549
6940	0.537
6941	0.527
6942	0.527
6943	0.51
6944	0.506
6945	0.545
6946	0.538
6947	0.55
6948	0.56
6949	0.558
6950	0.509
6951	0.442
6952	0.405
6953	0.401
6954	0.407
6955	0.388
6956	0.341
6957	0.315
6958	0.31
6959	0.292
6960	0.278
6961	0.276
6962	0.257
6963	0.234
6964	0.221
6965	0.181
6966	0.158
6967	0.139
6968	0.114
6969	0.085
6970	0.067
6971	0.06
6972	0.067
6973	0.079
6974	0.095
6975	0.117
6976	0.144
6977	0.188
6978	0.232
6979	0.252
6980	0.25
6981	0.246
6982	0.242
6983	0.241
6984	0.254
6985	0.266
6986	0.28
6987	0.299
6988	0.305
6989	0.319
6990	0.344
6991	0.431
6992	0.479
6993	0.481
6994	0.462
6995	0.447
6996	0.504
6997	0.539
6998	0.52
6999	0.504
7000	0.463
7001	0.399
7002	0.411
7003	0.449
7004	0.471
7005	0.499
7006	0.529
7007	0.548
7008	0.551
7009	0.557
7010	0.529
7011	0.507
7012	0.494
7013	0.49
7014	0.496
7015	0.503
7016	0.508
7017	0.471
7018	0.439
7019	0.461
7020	0.509
7021	0.504
7022	0.493
7023	0.462
7024	0.386
7025	0.348
7026	0.341
7027	0.331
7028	0.3
7029	0.262
7030	0.243
7031	0.248
7032	0.212
7033	0.169
7034	0.167
7035	0.157
7036	0.118
7037	0.092
7038	0.059
7039	0.045
7040	0.033
7041	0.017
7042	0.014
7043	0.02
7044	0.031
7045	0.047
7046	0.072
7047	0.103
7048	0.124
7049	0.141
7050	0.173
7051	0.205
7052	0.249
7053	0.296
7054	0.339
7055	0.368
7056	0.371
7057	0.363
7058	0.359
7059	0.365
7060	0.36
7061	0.351
7062	0.353
7063	0.368
7064	0.369
7065	0.362
7066	0.379
7067	0.401
7068	0.499
7069	0.573
7070	0.581
7071	0.572
7072	0.543
7073	0.563
7074	0.575
7075	0.548
7076	0.533
7077	0.523
7078	0.536
7079	0.551
7080	0.578
7081	0.59
7082	0.61
7083	0.665
7084	0.681
7085	0.739
7086	0.775
7087	0.785
7088	0.779
7089	0.79
7090	0.799
7091	0.818
7092	0.814
7093	0.79
7094	0.752
7095	0.722
7096	0.7
7097	0.676
7098	0.618
7099	0.527
7100	0.56
7101	0.526
7102	0.512
7103	0.471
7104	0.451
7105	0.428
7106	0.419
7107	0.369
7108	0.321
7109	0.294
7110	0.283
7111	0.332
7112	0.35
7113	0.348
7114	0.33
7115	0.341
7116	0.389
7117	0.425
7118	0.412
7119	0.374
7120	0.297
7121	0.248
7122	0.239
7123	0.217
7124	0.158
7125	0.113
7126	0.084
7127	0.067
7128	0.053
7129	0.04
7130	0.039
7131	0.057
7132	0.07
7133	0.082
7134	0.085
7135	0.07
7136	0.055
7137	0.046
7138	0.039
7139	0.027
7140	0.018
7141	0.013
7142	0.012
7143	0.015
7144	0.022
7145	0.044
7146	0.075
7147	0.085
7148	0.087
7149	0.101
7150	0.121
7151	0.128
7152	0.123
7153	0.122
7154	0.129
7155	0.139
7156	0.136
7157	0.129
7158	0.115
7159	0.119
7160	0.149
7161	0.199
7162	0.218
7163	0.207
7164	0.345
7165	0.469
7166	0.546
7167	0.557
7168	0.528
7169	0.529
7170	0.512
7171	0.502
7172	0.492
7173	0.515
7174	0.501
7175	0.483
7176	0.498
7177	0.533
7178	0.545
7179	0.555
7180	0.55
7181	0.519
7182	0.479
7183	0.438
7184	0.403
7185	0.346
7186	0.257
7187	0.182
7188	0.209
7189	0.214
7190	0.199
7191	0.176
7192	0.141
7193	0.134
7194	0.15
7195	0.162
7196	0.175
7197	0.184
7198	0.19
7199	0.184
7200	0.168
7201	0.157
7202	0.156
7203	0.158
7204	0.167
7205	0.175
7206	0.177
7207	0.174
7208	0.178
7209	0.188
7210	0.172
7211	0.123
7212	0.22
7213	0.288
7214	0.314
7215	0.32
7216	0.288
7217	0.27
7218	0.328
7219	0.352
7220	0.356
7221	0.35
7222	0.345
7223	0.345
7224	0.347
7225	0.36
7226	0.382
7227	0.393
7228	0.418
7229	0.433
7230	0.437
7231	0.468
7232	0.477
7233	0.435
7234	0.396
7235	0.395
7236	0.524
7237	0.571
7238	0.557
7239	0.507
7240	0.415
7241	0.401
7242	0.459
7243	0.462
7244	0.436
7245	0.448
7246	0.464
7247	0.466
7248	0.481
7249	0.486
7250	0.492
7251	0.52
7252	0.504
7253	0.466
7254	0.448
7255	0.456
7256	0.447
7257	0.477
7258	0.484
7259	0.536
7260	0.674
7261	0.748
7262	0.749
7263	0.742
7264	0.713
7265	0.668
7266	0.611
7267	0.529
7268	0.456
7269	0.455
7270	0.542
7271	0.565
7272	0.508
7273	0.386
7274	0.35
7275	0.324
7276	0.308
7277	0.313
7278	0.329
7279	0.359
7280	0.354
7281	0.316
7282	0.333
7283	0.319
7284	0.346
7285	0.321
7286	0.316
7287	0.354
7288	0.401
7289	0.397
7290	0.405
7291	0.417
7292	0.377
7293	0.382
7294	0.376
7295	0.347
7296	0.339
7297	0.359
7298	0.377
7299	0.368
7300	0.38
7301	0.351
7302	0.314
7303	0.271
7304	0.25
7305	0.224
7306	0.205
7307	0.195
7308	0.201
7309	0.176
7310	0.136
7311	0.095
7312	0.068
7313	0.115
7314	0.221
7315	0.291
7316	0.315
7317	0.297
7318	0.24
7319	0.214
7320	0.283
7321	0.259
7322	0.255
7323	0.268
7324	0.283
7325	0.232
7326	0.181
7327	0.142
7328	0.153
7329	0.225
7330	0.255
7331	0.254
7332	0.257
7333	0.256
7334	0.269
7335	0.339
7336	0.305
7337	0.239
7338	0.179
7339	0.151
7340	0.111
7341	0.094
7342	0.094
7343	0.107
7344	0.113
7345	0.098
7346	0.066
7347	0.032
7348	0.014
7349	0.013
7350	0.013
7351	0.011
7352	0.007
7353	0.004
7354	0.008
7355	0.016
7356	0.017
7357	0.02
7358	0.027
7359	0.035
7360	0.041
7361	0.046
7362	0.058
7363	0.06
7364	0.054
7365	0.05
7366	0.042
7367	0.031
7368	0.029
7369	0.046
7370	0.074
7371	0.111
7372	0.139
7373	0.158
7374	0.188
7375	0.248
7376	0.32
7377	0.367
7378	0.384
7379	0.425
7380	0.459
7381	0.533
7382	0.578
7383	0.577
7384	0.603
7385	0.624
7386	0.643
7387	0.659
7388	0.671
7389	0.683
7390	0.693
7391	0.666
7392	0.588
7393	0.527
7394	0.514
7395	0.52
7396	0.499
7397	0.48
7398	0.451
7399	0.434
7400	0.425
7401	0.399
7402	0.301
7403	0.222
7404	0.209
7405	0.186
7406	0.186
7407	0.175
7408	0.152
7409	0.162
7410	0.166
7411	0.146
7412	0.116
7413	0.085
7414	0.062
7415	0.045
7416	0.034
7417	0.041
7418	0.044
7419	0.026
7420	0.018
7421	0.016
7422	0.021
7423	0.026
7424	0.025
7425	0.022
7426	0.033
7427	0.052
7428	0.079
7429	0.105
7430	0.129
7431	0.145
7432	0.148
7433	0.152
7434	0.159
7435	0.153
7436	0.137
7437	0.13
7438	0.121
7439	0.113
7440	0.128
7441	0.149
7442	0.188
7443	0.233
7444	0.268
7445	0.305
7446	0.336
7447	0.387
7448	0.417
7449	0.428
7450	0.389
7451	0.359
7452	0.374
7453	0.361
7454	0.347
7455	0.316
7456	0.289
7457	0.299
7458	0.339
7459	0.348
7460	0.374
7461	0.395
7462	0.385
7463	0.379
7464	0.374
7465	0.365
7466	0.348
7467	0.313
7468	0.272
7469	0.223
7470	0.166
7471	0.118
7472	0.084
7473	0.068
7474	0.061
7475	0.042
7476	0.046
7477	0.039
7478	0.039
7479	0.051
7480	0.081
7481	0.145
7482	0.233
7483	0.326
7484	0.376
7485	0.386
7486	0.428
7487	0.469
7488	0.56
7489	0.661
7490	0.671
7491	0.635
7492	0.552
7493	0.284
7494	0.121
7495	0.12
7496	0.273
7497	0.522
7498	0.63
7499	0.673
7500	0.678
7501	0.677
7502	0.696
7503	0.706
7504	0.696
7505	0.694
7506	0.653
7507	0.55
7508	0.431
7509	0.322
7510	0.226
7511	0.147
7512	0.096
7513	0.068
7514	0.045
7515	0.032
7516	0.032
7517	0.035
7518	0.038
7519	0.058
7520	0.093
7521	0.125
7522	0.156
7523	0.13
7524	0.155
7525	0.212
7526	0.232
7527	0.4
7528	0.497
7529	0.657
7530	0.731
7531	0.749
7532	0.745
7533	0.626
7534	0.59
7535	0.866
7536	0.904
7537	0.921
7538	0.929
7539	0.938
7540	0.942
7541	0.929
7542	0.911
7543	0.876
7544	0.843
7545	0.826
7546	0.794
7547	0.754
7548	0.734
7549	0.738
7550	0.752
7551	0.75
7552	0.725
7553	0.698
7554	0.715
7555	0.75
7556	0.723
7557	0.711
7558	0.76
7559	0.781
7560	0.797
7561	0.822
7562	0.838
7563	0.852
7564	0.862
7565	0.865
7566	0.864
7567	0.854
7568	0.82
7569	0.786
7570	0.739
7571	0.694
7572	0.667
7573	0.63
7574	0.585
7575	0.548
7576	0.532
7577	0.557
7578	0.55
7579	0.549
7580	0.532
7581	0.492
7582	0.456
7583	0.408
7584	0.339
7585	0.295
7586	0.28
7587	0.265
7588	0.235
7589	0.214
7590	0.217
7591	0.234
7592	0.262
7593	0.297
7594	0.307
7595	0.307
7596	0.325
7597	0.293
7598	0.273
7599	0.253
7600	0.291
7601	0.334
7602	0.427
7603	0.524
7604	0.633
7605	0.673
7606	0.676
7607	0.681
7608	0.653
7609	0.633
7610	0.592
7611	0.584
7612	0.586
7613	0.59
7614	0.578
7615	0.585
7616	0.585
7617	0.593
7618	0.573
7619	0.502
7620	0.49
7621	0.547
7622	0.552
7623	0.545
7624	0.56
7625	0.574
7626	0.532
7627	0.536
7628	0.541
7629	0.538
7630	0.538
7631	0.539
7632	0.553
7633	0.599
7634	0.622
7635	0.628
7636	0.61
7637	0.595
7638	0.581
7639	0.552
7640	0.553
7641	0.54
7642	0.473
7643	0.374
7644	0.328
7645	0.385
7646	0.364
7647	0.322
7648	0.287
7649	0.306
7650	0.333
7651	0.326
7652	0.29
7653	0.235
7654	0.186
7655	0.148
7656	0.117
7657	0.094
7658	0.084
7659	0.081
7660	0.077
7661	0.082
7662	0.09
7663	0.079
7664	0.062
7665	0.054
7666	0.043
7667	0.032
7668	0.027
7669	0.034
7670	0.041
7671	0.041
7672	0.04
7673	0.04
7674	0.039
7675	0.039
7676	0.04
7677	0.045
7678	0.055
7679	0.066
7680	0.076
7681	0.076
7682	0.082
7683	0.13
7684	0.244
7685	0.37
7686	0.498
7687	0.549
7688	0.503
7689	0.477
7690	0.427
7691	0.343
7692	0.33
7693	0.305
7694	0.283
7695	0.316
7696	0.358
7697	0.38
7698	0.377
7699	0.344
7700	0.305
7701	0.254
7702	0.196
7703	0.151
7704	0.102
7705	0.061
7706	0.038
7707	0.025
7708	0.013
7709	0.018
7710	0.031
7711	0.042
7712	0.061
7713	0.074
7714	0.09
7715	0.111
7716	0.15
7717	0.18
7718	0.205
7719	0.221
7720	0.25
7721	0.298
7722	0.339
7723	0.365
7724	0.38
7725	0.39
7726	0.456
7727	0.479
7728	0.541
7729	0.565
7730	0.55
7731	0.531
7732	0.546
7733	0.568
7734	0.622
7735	0.681
7736	0.713
7737	0.792
7738	0.741
7739	0.639
7740	0.453
7741	0.294
7742	0.225
7743	0.228
7744	0.246
7745	0.276
7746	0.308
7747	0.352
7748	0.389
7749	0.407
7750	0.383
7751	0.355
7752	0.344
7753	0.313
7754	0.306
7755	0.313
7756	0.328
7757	0.366
7758	0.374
7759	0.415
7760	0.481
7761	0.536
7762	0.52
7763	0.555
7764	0.6
7765	0.598
7766	0.577
7767	0.596
7768	0.664
7769	0.738
7770	0.769
7771	0.832
7772	0.855
7773	0.839
7774	0.812
7775	0.788
7776	0.755
7777	0.723
7778	0.709
7779	0.704
7780	0.692
7781	0.678
7782	0.661
7783	0.606
7784	0.601
7785	0.618
7786	0.586
7787	0.579
7788	0.541
7789	0.532
7790	0.529
7791	0.519
7792	0.536
7793	0.551
7794	0.54
7795	0.496
7796	0.462
7797	0.438
7798	0.41
7799	0.355
7800	0.341
7801	0.348
7802	0.347
7803	0.401
7804	0.411
7805	0.401
7806	0.395
7807	0.39
7808	0.399
7809	0.365
7810	0.328
7811	0.333
7812	0.308
7813	0.28
7814	0.262
7815	0.24
7816	0.215
7817	0.197
7818	0.198
7819	0.206
7820	0.208
7821	0.227
7822	0.235
7823	0.244
7824	0.252
7825	0.254
7826	0.253
7827	0.268
7828	0.26
7829	0.238
7830	0.223
7831	0.228
7832	0.261
7833	0.282
7834	0.312
7835	0.265
7836	0.215
7837	0.205
7838	0.209
7839	0.237
7840	0.201
7841	0.188
7842	0.176
7843	0.154
7844	0.138
7845	0.122
7846	0.095
7847	0.067
7848	0.048
7849	0.04
7850	0.035
7851	0.037
7852	0.037
7853	0.036
7854	0.04
7855	0.052
7856	0.075
7857	0.099
7858	0.116
7859	0.117
7860	0.113
7861	0.105
7862	0.117
7863	0.123
7864	0.143
7865	0.188
7866	0.221
7867	0.247
7868	0.273
7869	0.293
7870	0.327
7871	0.339
7872	0.342
7873	0.348
7874	0.347
7875	0.356
7876	0.43
7877	0.493
7878	0.488
7879	0.437
7880	0.407
7881	0.385
7882	0.362
7883	0.308
7884	0.258
7885	0.17
7886	0.13
7887	0.105
7888	0.095
7889	0.093
7890	0.079
7891	0.073
7892	0.076
7893	0.075
7894	0.075
7895	0.079
7896	0.086
7897	0.098
7898	0.119
7899	0.145
7900	0.166
7901	0.174
7902	0.187
7903	0.218
7904	0.286
7905	0.368
7906	0.532
7907	0.667
7908	0.786
7909	0.844
7910	0.802
7911	0.697
7912	0.593
7913	0.527
7914	0.456
7915	0.385
7916	0.38
7917	0.338
7918	0.3
7919	0.259
7920	0.236
7921	0.239
7922	0.23
7923	0.232
7924	0.238
7925	0.227
7926	0.208
7927	0.201
7928	0.206
7929	0.199
7930	0.174
7931	0.131
7932	0.113
7933	0.108
7934	0.112
7935	0.113
7936	0.137
7937	0.17
7938	0.188
7939	0.187
7940	0.188
7941	0.196
7942	0.204
7943	0.21
7944	0.213
7945	0.205
7946	0.201
7947	0.199
7948	0.193
7949	0.191
7950	0.207
7951	0.248
7952	0.289
7953	0.319
7954	0.337
7955	0.321
7956	0.32
7957	0.288
7958	0.272
7959	0.245
7960	0.261
7961	0.286
7962	0.281
7963	0.278
7964	0.273
7965	0.254
7966	0.223
7967	0.188
7968	0.161
7969	0.141
7970	0.124
7971	0.111
7972	0.1
7973	0.094
7974	0.09
7975	0.09
7976	0.093
7977	0.1
7978	0.112
7979	0.11
7980	0.091
7981	0.079
7982	0.085
7983	0.111
7984	0.168
7985	0.248
7986	0.325
7987	0.368
7988	0.385
7989	0.392
7990	0.42
7991	0.44
7992	0.453
7993	0.469
7994	0.488
7995	0.49
7996	0.475
7997	0.467
7998	0.462
7999	0.462
8000	0.477
8001	0.49
8002	0.452
8003	0.385
8004	0.326
8005	0.278
8006	0.244
8007	0.221
8008	0.254
8009	0.283
8010	0.289
8011	0.286
8012	0.273
8013	0.236
8014	0.184
8015	0.151
8016	0.142
8017	0.143
8018	0.141
8019	0.151
8020	0.162
8021	0.169
8022	0.169
8023	0.174
8024	0.197
8025	0.189
8026	0.141
8027	0.114
8028	0.097
8029	0.084
8030	0.085
8031	0.117
8032	0.139
8033	0.153
8034	0.141
8035	0.118
8036	0.097
8037	0.078
8038	0.059
8039	0.048
8040	0.047
8041	0.073
8042	0.132
8043	0.189
8044	0.213
8045	0.193
8046	0.179
8047	0.189
8048	0.218
8049	0.238
8050	0.223
8051	0.212
8052	0.212
8053	0.186
8054	0.158
8055	0.16
8056	0.185
8057	0.221
8058	0.229
8059	0.221
8060	0.217
8061	0.23
8062	0.262
8063	0.283
8064	0.296
8065	0.305
8066	0.311
8067	0.314
8068	0.299
8069	0.291
8070	0.31
8071	0.319
8072	0.345
8073	0.379
8074	0.399
8075	0.425
8076	0.455
8077	0.49
8078	0.526
8079	0.566
8080	0.608
8081	0.653
8082	0.68
8083	0.665
8084	0.652
8085	0.656
8086	0.662
8087	0.682
8088	0.71
8089	0.719
8090	0.682
8091	0.663
8092	0.624
8093	0.565
8094	0.538
8095	0.483
8096	0.481
8097	0.42
8098	0.362
8099	0.35
8100	0.32
8101	0.298
8102	0.306
8103	0.437
8104	0.486
8105	0.515
8106	0.553
8107	0.562
8108	0.573
8109	0.578
8110	0.575
8111	0.607
8112	0.616
8113	0.618
8114	0.615
8115	0.537
8116	0.49
8117	0.488
8118	0.532
8119	0.602
8120	0.671
8121	0.782
8122	0.945
8123	0.898
8124	0.892
8125	0.898
8126	0.92
8127	0.932
8128	0.936
8129	0.946
8130	0.928
8131	0.886
8132	0.834
8133	0.772
8134	0.739
8135	0.703
8136	0.68
8137	0.66
8138	0.694
8139	0.712
8140	0.69
8141	0.67
8142	0.684
8143	0.719
8144	0.676
8145	0.661
8146	0.668
8147	0.684
8148	0.649
8149	0.683
8150	0.657
8151	0.653
8152	0.693
8153	0.691
8154	0.645
8155	0.603
8156	0.581
8157	0.565
8158	0.529
8159	0.49
8160	0.481
8161	0.435
8162	0.418
8163	0.444
8164	0.4
8165	0.357
8166	0.35
8167	0.354
8168	0.392
8169	0.494
8170	0.575
8171	0.649
8172	0.738
8173	0.752
8174	0.786
8175	0.809
8176	0.835
8177	0.868
8178	0.91
8179	0.946
8180	0.946
8181	0.953
8182	0.957
8183	0.975
8184	0.971
8185	0.964
8186	0.943
8187	0.91
8188	0.9
8189	0.909
8190	0.914
8191	0.924
8192	0.938
8193	0.946
8194	0.95
8195	0.961
8196	0.973
8197	0.979
8198	0.977
8199	0.966
8200	0.939
8201	0.886
8202	0.786
8203	0.863
8204	0.935
8205	0.967
8206	0.983
8207	0.988
8208	0.988
8209	0.979
8210	0.954
8211	0.909
8212	0.822
8213	0.766
8214	0.747
8215	0.646
8216	0.524
8217	0.466
8218	0.382
8219	0.28
8220	0.188
8221	0.132
8222	0.111
8223	0.153
8224	0.262
8225	0.338
8226	0.314
8227	0.297
8228	0.381
8229	0.476
8230	0.554
8231	0.669
8232	0.813
8233	0.886
8234	0.926
8235	0.948
8236	0.933
8237	0.922
8238	0.942
8239	0.96
8240	0.983
8241	0.988
8242	0.981
8243	0.959
8244	0.946
8245	0.887
8246	0.731
8247	0.752
8248	0.772
8249	0.804
8250	0.83
8251	0.881
8252	0.878
8253	0.853
8254	0.818
8255	0.769
8256	0.752
8257	0.719
8258	0.719
8259	0.694
8260	0.644
8261	0.536
8262	0.428
8263	0.284
8264	0.305
8265	0.38
8266	0.42
8267	0.462
8268	0.492
8269	0.52
8270	0.554
8271	0.568
8272	0.584
8273	0.545
8274	0.493
8275	0.437
8276	0.407
8277	0.377
8278	0.357
8279	0.341
8280	0.326
8281	0.316
8282	0.292
8283	0.303
8284	0.328
8285	0.35
8286	0.311
8287	0.215
8288	0.145
8289	0.112
8290	0.111
8291	0.147
8292	0.203
8293	0.247
8294	0.262
8295	0.307
8296	0.267
8297	0.248
8298	0.321
8299	0.506
8300	0.646
8301	0.694
8302	0.772
8303	0.847
8304	0.872
8305	0.898
8306	0.916
8307	0.932
8308	0.948
8309	0.956
8310	0.954
8311	0.939
8312	0.917
8313	0.901
8314	0.871
8315	0.831
8316	0.806
8317	0.781
8318	0.76
8319	0.731
8320	0.695
8321	0.656
8322	0.616
8323	0.621
8324	0.64
8325	0.634
8326	0.649
8327	0.707
8328	0.74
8329	0.808
8330	0.861
8331	0.863
8332	0.849
8333	0.864
8334	0.897
8335	0.893
8336	0.86
8337	0.818
8338	0.808
8339	0.856
8340	0.909
8341	0.906
8342	0.871
8343	0.798
8344	0.688
8345	0.578
8346	0.395
8347	0.326
8348	0.321
8349	0.385
8350	0.466
8351	0.52
8352	0.478
8353	0.404
8354	0.367
8355	0.316
8356	0.304
8357	0.359
8358	0.38
8359	0.367
8360	0.345
8361	0.302
8362	0.257
8363	0.189
8364	0.126
8365	0.102
8366	0.111
8367	0.127
8368	0.138
8369	0.141
8370	0.122
8371	0.092
8372	0.062
8373	0.031
8374	0.033
8375	0.07
8376	0.113
8377	0.139
8378	0.197
8379	0.308
8380	0.459
8381	0.553
8382	0.584
8383	0.565
8384	0.601
8385	0.607
8386	0.633
8387	0.595
8388	0.563
8389	0.536
8390	0.516
8391	0.512
8392	0.502
8393	0.496
8394	0.462
8395	0.471
8396	0.435
8397	0.459
8398	0.464
8399	0.438
8400	0.396
8401	0.336
8402	0.297
8403	0.303
8404	0.31
8405	0.297
8406	0.263
8407	0.221
8408	0.172
8409	0.127
8410	0.091
8411	0.077
8412	0.083
8413	0.096
8414	0.098
8415	0.095
8416	0.086
8417	0.088
8418	0.11
8419	0.114
8420	0.115
8421	0.133
8422	0.149
8423	0.158
8424	0.185
8425	0.214
8426	0.238
8427	0.283
8428	0.332
8429	0.369
8430	0.404
8431	0.469
8432	0.605
8433	0.696
8434	0.76
8435	0.843
8436	0.913
8437	0.906
8438	0.873
8439	0.885
8440	0.959
8441	0.986
8442	0.987
8443	0.978
8444	0.965
8445	0.953
8446	0.95
8447	0.955
8448	0.956
8449	0.953
8450	0.952
8451	0.933
8452	0.903
8453	0.876
8454	0.82
8455	0.663
8456	0.508
8457	0.469
8458	0.392
8459	0.376
8460	0.314
8461	0.235
8462	0.222
8463	0.265
8464	0.288
8465	0.268
8466	0.219
8467	0.141
8468	0.078
8469	0.042
8470	0.021
8471	0.011
8472	0.039
8473	0.097
8474	0.155
8475	0.219
8476	0.258
8477	0.268
8478	0.252
8479	0.225
8480	0.209
8481	0.226
8482	0.23
8483	0.214
8484	0.195
8485	0.179
8486	0.143
8487	0.127
8488	0.118
8489	0.119
8490	0.123
8491	0.113
8492	0.099
8493	0.09
8494	0.078
8495	0.075
8496	0.076
8497	0.075
8498	0.073
8499	0.071
8500	0.071
8501	0.07
8502	0.068
8503	0.074
8504	0.08
8505	0.09
8506	0.1
8507	0.087
8508	0.063
8509	0.044
8510	0.033
8511	0.028
8512	0.021
8513	0.015
8514	0.01
8515	0.009
8516	0.018
8517	0.035
8518	0.058
8519	0.082
8520	0.11
8521	0.148
8522	0.195
8523	0.223
8524	0.235
8525	0.235
8526	0.261
8527	0.244
8528	0.289
8529	0.303
8530	0.291
8531	0.268
8532	0.252
8533	0.271
8534	0.297
8535	0.36
8536	0.423
8537	0.426
8538	0.453
8539	0.471
8540	0.471
8541	0.508
8542	0.59
8543	0.655
8544	0.655
8545	0.641
8546	0.663
8547	0.681
8548	0.694
8549	0.717
8550	0.717
8551	0.704
8552	0.699
8553	0.707
8554	0.712
8555	0.673
8556	0.631
8557	0.59
8558	0.514
8559	0.425
8560	0.345
8561	0.313
8562	0.28
8563	0.26
8564	0.225
8565	0.173
8566	0.132
8567	0.1
8568	0.104
8569	0.105
8570	0.104
8571	0.127
8572	0.139
8573	0.124
8574	0.085
8575	0.045
8576	0.028
8577	0.082
8578	0.151
8579	0.208
8580	0.245
8581	0.268
8582	0.308
8583	0.4
8584	0.486
8585	0.548
8586	0.57
8587	0.532
8588	0.503
8589	0.496
8590	0.515
8591	0.533
8592	0.524
8593	0.52
8594	0.506
8595	0.469
8596	0.401
8597	0.307
8598	0.209
8599	0.124
8600	0.067
8601	0.03
8602	0.007
8603	0.007
8604	0.032
8605	0.071
8606	0.124
8607	0.207
8608	0.313
8609	0.405
8610	0.558
8611	0.633
8612	0.667
8613	0.671
8614	0.694
8615	0.694
8616	0.723
8617	0.762
8618	0.832
8619	0.886
8620	0.934
8621	0.954
8622	0.951
8623	0.924
8624	0.862
8625	0.736
8626	0.567
8627	0.508
8628	0.447
8629	0.381
8630	0.299
8631	0.278
8632	0.293
8633	0.266
8634	0.237
8635	0.215
8636	0.191
8637	0.151
8638	0.195
8639	0.291
8640	0.353
8641	0.383
8642	0.44
8643	0.504
8644	0.581
8645	0.577
8646	0.567
8647	0.539
8648	0.56
8649	0.578
8650	0.613
8651	0.674
8652	0.676
8653	0.685
8654	0.665
8655	0.644
8656	0.618
8657	0.598
8658	0.548
8659	0.556
8660	0.537
8661	0.551
8662	0.594
8663	0.6
8664	0.629
8665	0.652
8666	0.677
8667	0.712
8668	0.714
8669	0.705
8670	0.738
8671	0.763
8672	0.766
8673	0.798
8674	0.806
8675	0.8
8676	0.803
8677	0.775
8678	0.749
8679	0.751
8680	0.735
8681	0.731
8682	0.733
8683	0.821
8684	0.814
8685	0.789
8686	0.801
8687	0.837
8688	0.848
8689	0.839
8690	0.821
8691	0.818
8692	0.818
8693	0.806
8694	0.787
8695	0.782
8696	0.775
8697	0.769
8698	0.766
8699	0.762
8700	0.753
8701	0.742
8702	0.736
8703	0.731
8704	0.714
8705	0.695
8706	0.659
8707	0.587
8708	0.524
8709	0.483
8710	0.465
8711	0.442
8712	0.45
8713	0.365
8714	0.311
8715	0.286
8716	0.266
8717	0.283
8718	0.293
8719	0.334
8720	0.296
8721	0.253
8722	0.196
8723	0.157
8724	0.146
8725	0.159
8726	0.183
8727	0.226
8728	0.212
8729	0.218
8730	0.218
8731	0.223
8732	0.221
8733	0.228
8734	0.25
8735	0.263
8736	0.252
8737	0.228
8738	0.202
8739	0.187
8740	0.183
8741	0.2
8742	0.246
8743	0.294
8744	0.319
8745	0.316
8746	0.27
8747	0.226
8748	0.175
8749	0.11
8750	0.064
8751	0.048
8752	0.085
8753	0.158
8754	0.221
8755	0.249
8756	0.258
8757	0.247
8758	0.231
8759	0.212
8760	0.195
